IDCOMPANY;COD_CDC;DESC_CDC;INIZIO_CDC;FINE_CDC;COD_DETT;DESC_DETT;INIZIO_DETT;FINE_DETT;FLATTR;DTSTARTVL;DTENDVL
000001;32;ASH Brugherio;01-01-1800;31-12-2999;AAA;NON DEFINITO;01-01-1800;31-12-2999;;;
000001;48;ADH Brugherio;01-01-1800;31-12-2999;AAA;NON DEFINITO;01-01-1800;31-12-2999;;;
000001;58;Monza;01-01-1800;31-12-2999;AAM;AAM;01-01-1800;31-12-2999;;;
000001;58;Monza;01-01-1800;31-12-2999;ABDALR-DIR;AbdAlrafat-dirette;01-01-1800;31-12-2999;;;
000001;58;Monza;01-01-1800;31-12-2999;ABDALR-IND;AbdAlrafat-indirette;01-01-1800;31-12-2999;;;
000001;58;Monza;01-01-1800;31-12-2999;ABDRAF-DIR;AbdRafied-dirette;01-01-1800;31-12-2999;;;
000001;58;Monza;01-01-1800;31-12-2999;ABDRAF-IND;AbdRafied-indirette;01-01-1800;31-12-2999;;;
000001;58;Monza;01-01-1800;31-12-2999;ABDYOU-DIR;AbdYoussef-dirette;01-01-1800;31-12-2999;;;
000001;58;Monza;01-01-1800;31-12-2999;ABDYOU-IND;AbdYoussef-indirette;01-01-1800;31-12-2999;;;
000001;32;ASH Brugherio;01-01-1800;31-12-2999;ABRALE-DIR;AbrAlessandro;01-01-1800;31-12-2999;;;
000001;48;ADH Brugherio;01-01-1800;31-12-2999;ABRALE-DIR;AbrAlessandro;01-01-1800;31-12-2999;;;
000001;32;ASH Brugherio;01-01-1800;31-12-2999;ABRALE-IND;AbrAlessandro-indirette;01-01-1800;31-12-2999;;;
000001;48;ADH Brugherio;01-01-1800;31-12-2999;ABRALE-IND;AbrAlessandro-indirette;01-01-1800;31-12-2999;;;
000001;58;Monza;01-01-1800;31-12-2999;ACHLEO-DIR;AchRiveraLeonardo-dirette;01-01-1800;31-12-2999;;;
000001;58;Monza;01-01-1800;31-12-2999;ACHLEO-IND;AchRiveraLeonardo-indirette;01-01-1800;31-12-2999;;;
000001;58;Monza;01-01-1800;31-12-2999;AFFMAT-DIR;AffMattia-dirette;01-01-1800;31-12-2999;;;
000001;58;Monza;01-01-1800;31-12-2999;AFFMAT-IND;AffMattia-indirette;01-01-1800;31-12-2999;;;
000001;32;ASH Brugherio;01-01-1800;31-12-2999;ALBLUC-DIR;AlbLuca-dirette;01-01-1800;31-12-2999;;;
000001;48;ADH Brugherio;01-01-1800;31-12-2999;ALBLUC-DIR;AlbLuca-dirette;01-01-1800;31-12-2999;;;
000001;32;ASH Brugherio;01-01-1800;31-12-2999;ALBLUC-IND;AlbLuca-indirette;01-01-1800;31-12-2999;;;
000001;48;ADH Brugherio;01-01-1800;31-12-2999;ALBLUC-IND;AlbLuca-indirette;01-01-1800;31-12-2999;;;
000001;32;ASH Brugherio;01-01-1800;31-12-2999;ALBMAR-DIR;AlbMarco-dirette;01-01-1800;31-12-2999;;;
000001;48;ADH Brugherio;01-01-1800;31-12-2999;ALBMAR-DIR;AlbMarco-dirette;01-01-1800;31-12-2999;;;
000001;32;ASH Brugherio;01-01-1800;31-12-2999;ALBMAR-IND;AlbMarco-indirette;01-01-1800;31-12-2999;;;
000001;48;ADH Brugherio;01-01-1800;31-12-2999;ALBMAR-IND;AlbMarco-indirette;01-01-1800;31-12-2999;;;
000001;32;ASH Brugherio;01-01-1800;31-12-2999;ALBSAB-DIR;AlbSabrina-dirette;01-01-1800;31-12-2999;;;
000001;48;ADH Brugherio;01-01-1800;31-12-2999;ALBSAB-DIR;AlbSabrina-dirette;01-01-1800;31-12-2999;;;
000001;32;ASH Brugherio;01-01-1800;31-12-2999;ALBSAB-IND;AlbSabrina-indirette;01-01-1800;31-12-2999;;;
000001;48;ADH Brugherio;01-01-1800;31-12-2999;ALBSAB-IND;AlbSabrina-indirette;01-01-1800;31-12-2999;;;
000001;58;Monza;01-01-1800;31-12-2999;ALIDAN-DIR;AliDaniele-dirette;01-01-1800;31-12-2999;;;
000001;58;Monza;01-01-1800;31-12-2999;ALIDAN-IND;AliDaniele-indirette;01-01-1800;31-12-2999;;;
000001;32;ASH Brugherio;01-01-1800;31-12-2999;ALYMAL-DIR;AlyMalek-dirette;01-01-1800;31-12-2999;;;
000001;48;ADH Brugherio;01-01-1800;31-12-2999;ALYMAL-DIR;AlyMalek-dirette;01-01-1800;31-12-2999;;;
000001;32;ASH Brugherio;01-01-1800;31-12-2999;ALYMAL-IND;AlyMalek-indirette;01-01-1800;31-12-2999;;;
000001;48;ADH Brugherio;01-01-1800;31-12-2999;ALYMAL-IND;AlyMalek-indirette;01-01-1800;31-12-2999;;;
000001;32;ASH Brugherio;01-01-1800;31-12-2999;ANDTOM-DIR;AndTommaso-dirette;01-01-1800;31-12-2999;;;
000001;48;ADH Brugherio;01-01-1800;31-12-2999;ANDTOM-DIR;AndTommaso-dirette;01-01-1800;31-12-2999;;;
000001;32;ASH Brugherio;01-01-1800;31-12-2999;ANDTOM-IND;AndTommaso-indirette;01-01-1800;31-12-2999;;;
000001;48;ADH Brugherio;01-01-1800;31-12-2999;ANDTOM-IND;AndTommaso-indirette;01-01-1800;31-12-2999;;;
000001;32;ASH Brugherio;01-01-1800;31-12-2999;ANEBEA-DIR;AneBeatrice-dirette;01-01-1800;31-12-2999;;;
000001;48;ADH Brugherio;01-01-1800;31-12-2999;ANEBEA-DIR;AneBeatrice-dirette;01-01-1800;31-12-2999;;;
000001;32;ASH Brugherio;01-01-1800;31-12-2999;ANEBEA-IND;AneBeatrice-indirette;01-01-1800;31-12-2999;;;
000001;48;ADH Brugherio;01-01-1800;31-12-2999;ANEBEA-IND;AneBeatrice-indirette;01-01-1800;31-12-2999;;;
000001;32;ASH Brugherio;01-01-1800;31-12-2999;ARASAS-DIR;AraSashmineKisses;01-01-1800;31-12-2999;;;
000001;48;ADH Brugherio;01-01-1800;31-12-2999;ARASAS-DIR;AraSashmineKisses;01-01-1800;31-12-2999;;;
000001;32;ASH Brugherio;01-01-1800;31-12-2999;ARASAS-IND;AraSashmineKisses-indirette;01-01-1800;31-12-2999;;;
000001;48;ADH Brugherio;01-01-1800;31-12-2999;ARASAS-IND;AraSashmineKisses-indirette;01-01-1800;31-12-2999;;;
000001;58;Monza;01-01-1800;31-12-2999;ARNALI-DIR;ArnAlice-dirette;01-01-1800;31-12-2999;;;
000001;58;Monza;01-01-1800;31-12-2999;ARNALI-IND;ArnAlice-indirette;01-01-1800;31-12-2999;;;
000001;58;Monza;01-01-1800;31-12-2999;AULRAF-DIR;AulRaffaele-dirette;01-01-1800;31-12-2999;;;
000001;58;Monza;01-01-1800;31-12-2999;AULRAF-IND;AulRaffaele-indirette;01-01-1800;31-12-2999;;;
000001;58;Monza;01-01-1800;31-12-2999;AZOMAR-DIR;AzoMartino-dirette;01-01-1800;31-12-2999;;;
000001;58;Monza;01-01-1800;31-12-2999;AZOMAR-IND;AzoMartino-indirette;01-01-1800;31-12-2999;;;
000001;32;ASH Brugherio;01-01-1800;31-12-2999;BARALE-DIR;BarAlessandra-dirette;01-01-1800;31-12-2999;;;
000001;48;ADH Brugherio;01-01-1800;31-12-2999;BARALE-DIR;BarAlessandra-dirette;01-01-1800;31-12-2999;;;
000001;32;ASH Brugherio;01-01-1800;31-12-2999;BARALE-IND;BarAlessandra-indirette;01-01-1800;31-12-2999;;;
000001;48;ADH Brugherio;01-01-1800;31-12-2999;BARALE-IND;BarAlessandra-indirette;01-01-1800;31-12-2999;;;
000001;32;ASH Brugherio;01-01-1800;31-12-2999;BARLUC-DIR;BarLuca-dirette;01-01-1800;31-12-2999;;;
000001;48;ADH Brugherio;01-01-1800;31-12-2999;BARLUC-DIR;BarLuca-dirette;01-01-1800;31-12-2999;;;
000001;32;ASH Brugherio;01-01-1800;31-12-2999;BARLUC-IND;BarLuca-indirette;01-01-1800;31-12-2999;;;
000001;48;ADH Brugherio;01-01-1800;31-12-2999;BARLUC-IND;BarLuca-indirette;01-01-1800;31-12-2999;;;
000001;58;Monza;01-01-1800;31-12-2999;BARMAT-DIR;BarMatteo-dirette;01-01-1800;31-12-2999;;;
000001;58;Monza;01-01-1800;31-12-2999;BARMAT-IND;BarMatteo-indirette;01-01-1800;31-12-2999;;;
000001;32;ASH Brugherio;01-01-1800;31-12-2999;BARSAS-DIR;BarSasha-dirette;01-01-1800;31-12-2999;;;
000001;48;ADH Brugherio;01-01-1800;31-12-2999;BARSAS-DIR;BarSasha-dirette;01-01-1800;31-12-2999;;;
000001;32;ASH Brugherio;01-01-1800;31-12-2999;BARSAS-IND;BarSasha-indirette;01-01-1800;31-12-2999;;;
000001;48;ADH Brugherio;01-01-1800;31-12-2999;BARSAS-IND;BarSasha-indirette;01-01-1800;31-12-2999;;;
000001;58;Monza;01-01-1800;31-12-2999;BASEDO-DIR;BasEdoardo-dirette;01-01-1800;31-12-2999;;;
000001;58;Monza;01-01-1800;31-12-2999;BASEDO-IND;BasEdoardo;01-09-2017;31-12-2999;;;
000001;32;ASH Brugherio;01-01-1800;31-12-2999;BATLUC-DIR;BatLuca-dirette;01-01-1800;31-12-2999;;;
000001;48;ADH Brugherio;01-01-1800;31-12-2999;BATLUC-DIR;BatLuca-dirette;01-01-1800;31-12-2999;;;
000001;32;ASH Brugherio;01-01-1800;31-12-2999;BATLUC-IND;BatLuca-indirette;01-01-1800;31-12-2999;;;
000001;48;ADH Brugherio;01-01-1800;31-12-2999;BATLUC-IND;BatLuca-indirette;01-01-1800;31-12-2999;;;
000001;32;ASH Brugherio;01-01-1800;31-12-2999;BERMAR-DIR;BerMartina-dirette;01-01-1800;31-12-2999;;;
000001;48;ADH Brugherio;01-01-1800;31-12-2999;BERMAR-DIR;BerMartina-dirette;01-01-1800;31-12-2999;;;
000001;32;ASH Brugherio;01-01-1800;31-12-2999;BERMAR-IND;BerMartina-indirette;01-01-1800;31-12-2999;;;
000001;48;ADH Brugherio;01-01-1800;31-12-2999;BERMAR-IND;BerMartina-indirette;01-01-1800;31-12-2999;;;
000001;32;ASH Brugherio;01-01-1800;31-12-2999;BERMAT-DIR;BerMattia-dirette;01-01-1800;31-12-2999;;;
000001;48;ADH Brugherio;01-01-1800;31-12-2999;BERMAT-DIR;BerMattia-dirette;01-01-1800;31-12-2999;;;
000001;32;ASH Brugherio;01-01-1800;31-12-2999;BERMAT-IND;BerMattia-indirette;01-01-1800;31-12-2999;;;
000001;48;ADH Brugherio;01-01-1800;31-12-2999;BERMAT-IND;BerMattia-indirette;01-01-1800;31-12-2999;;;
000001;58;Monza;01-01-1800;31-12-2999;BETDIM-DIR;BetDima-dirette;01-01-1800;31-12-2999;;;
000001;58;Monza;01-01-1800;31-12-2999;BETDIM-IND;BetDima-indirette;01-01-1800;31-12-2999;;;
000001;58;Monza;01-01-1800;31-12-2999;BETGIO-DIR;BetGiovanni-dirette;01-01-1800;31-12-2999;;;
000001;58;Monza;01-01-1800;31-12-2999;BETGIO-IND;BetGiovanni-indirette;01-01-1800;31-12-2999;;;
000001;58;Monza;01-01-1800;31-12-2999;BEVSAM-DIR;BevSamuele-dirette;01-01-1800;31-12-2999;;;
000001;58;Monza;01-01-1800;31-12-2999;BEVSAM-IND;BevSamuele-indirette;01-01-1800;31-12-2999;;;
000001;58;Monza;01-01-1800;31-12-2999;BIRMAS-DIR;BIRMassimo-DIR;01-01-1800;31-12-2999;;;
000001;58;Monza;01-01-1800;31-12-2999;BIRMAS-IND;BIRMassimo-INDIRETTE;01-01-1800;31-12-2999;;;
000001;58;Monza;01-01-1800;31-12-2999;BOFALD-DIR;BonFabio/AliDaniele-dirette;01-01-1800;31-12-2999;;;
000001;58;Monza;01-01-1800;31-12-2999;BOFALD-IND;BonFabio/AliDaniele-indirette;01-01-1800;31-12-2999;;;
000001;58;Monza;01-01-1800;31-12-2999;BOLCOV-DIR;BonLuca/ConViola-dirette;01-01-1800;31-12-2999;;;
000001;58;Monza;01-01-1800;31-12-2999;BOLCOV-IND;BonLuca/ConViola-indirette;01-01-1800;31-12-2999;;;
000001;58;Monza;01-01-1800;31-12-2999;BONALE-DIR;BonAlessandro-dirette;01-01-1800;31-12-2999;;;
000001;58;Monza;01-01-1800;31-12-2999;BONALE-IND;BonAlessandro-indirette;01-01-1800;31-12-2999;;;
000001;58;Monza;01-01-1800;31-12-2999;BONFAB-DIR;BonFabio-dirette;01-01-1800;31-12-2999;;;
000001;58;Monza;01-01-1800;31-12-2999;BONFAB-IND;BonFabio-indirette;01-01-1800;31-12-2999;;;
000001;58;Monza;01-01-1800;31-12-2999;BONLUC-DIR;BonLuca-dirette;01-01-1800;31-12-2999;;;
000001;58;Monza;01-01-1800;31-12-2999;BONLUC-IND;BonLuca-indirette;01-01-1800;31-12-2999;;;
000001;32;ASH Brugherio;01-01-1800;31-12-2999;BOSAND-DIR;BosAndrea-dirette;01-01-1800;31-12-2999;;;
000001;48;ADH Brugherio;01-01-1800;31-12-2999;BOSAND-DIR;BosAndrea-dirette;01-01-1800;31-12-2999;;;
000001;32;ASH Brugherio;01-01-1800;31-12-2999;BOSAND-IND;BosAndrea-indirette;01-01-1800;31-12-2999;;;
000001;48;ADH Brugherio;01-01-1800;31-12-2999;BOSAND-IND;BosAndrea-indirette;01-01-1800;31-12-2999;;;
000001;32;ASH Brugherio;01-01-1800;31-12-2999;BOSLUC-DIR;BosLuca-dirette;01-01-1800;31-12-2999;;;
000001;48;ADH Brugherio;01-01-1800;31-12-2999;BOSLUC-DIR;BosLuca-dirette;01-01-1800;31-12-2999;;;
000001;32;ASH Brugherio;01-01-1800;31-12-2999;BOSLUC-IND;BosLuca-indirette;01-01-1800;31-12-2999;;;
000001;48;ADH Brugherio;01-01-1800;31-12-2999;BOSLUC-IND;BosLuca-indirette;01-01-1800;31-12-2999;;;
000001;32;ASH Brugherio;01-01-1800;31-12-2999;BRAIVA-DIR;BraIvan-dirette;01-01-1800;31-12-2999;;;
000001;48;ADH Brugherio;01-01-1800;31-12-2999;BRAIVA-DIR;BraIvan-dirette;01-01-1800;31-12-2999;;;
000001;32;ASH Brugherio;01-01-1800;31-12-2999;BRAIVA-IND;BraIvan-indirette;01-01-1800;31-12-2999;;;
000001;48;ADH Brugherio;01-01-1800;31-12-2999;BRAIVA-IND;BraIvan-indirette;01-01-1800;31-12-2999;;;
000001;32;ASH Brugherio;01-01-1800;31-12-2999;BRAMAT-DIR;BraMattia-dirette;01-01-1800;31-12-2999;;;
000001;48;ADH Brugherio;01-01-1800;31-12-2999;BRAMAT-DIR;BraMattia-dirette;01-01-1800;31-12-2999;;;
000001;32;ASH Brugherio;01-01-1800;31-12-2999;BRAMAT-IND;BraMattia-indirette;01-01-1800;31-12-2999;;;
000001;48;ADH Brugherio;01-01-1800;31-12-2999;BRAMAT-IND;BraMattia-indirette;01-01-1800;31-12-2999;;;
000001;32;ASH Brugherio;01-01-1800;31-12-2999;BRITHO-DIR;BriThomas-dirette;01-01-1800;31-12-2999;;;
000001;48;ADH Brugherio;01-01-1800;31-12-2999;BRITHO-DIR;BriThomas-dirette;01-01-1800;31-12-2999;;;
000001;32;ASH Brugherio;01-01-1800;31-12-2999;BRITHO-IND;BriThomas-indirette;01-01-1800;31-12-2999;;;
000001;48;ADH Brugherio;01-01-1800;31-12-2999;BRITHO-IND;BriThomas-indirette;01-01-1800;31-12-2999;;;
000001;32;ASH Brugherio;01-01-1800;31-12-2999;BRUMIG.IND;BruMiguel-indirette;01-01-1800;31-12-2999;;;
000001;48;ADH Brugherio;01-01-1800;31-12-2999;BRUMIG.IND;BruMiguel-indirette;01-01-1800;31-12-2999;;;
000001;32;ASH Brugherio;01-01-1800;31-12-2999;BRUMIG-DIR;BruMiguel-dirette;01-01-1800;31-12-2999;;;
000001;48;ADH Brugherio;01-01-1800;31-12-2999;BRUMIG-DIR;BruMiguel-dirette;01-01-1800;31-12-2999;;;
000001;32;ASH Brugherio;01-01-1800;31-12-2999;BUDIVA-DIR;BudIvan-dirette;01-01-1800;31-12-2999;;;
000001;48;ADH Brugherio;01-01-1800;31-12-2999;BUDIVA-DIR;BudIvan-dirette;01-01-1800;31-12-2999;;;
000001;32;ASH Brugherio;01-01-1800;31-12-2999;BUDIVA-IND;BudIvan-indirette;01-01-1800;31-12-2999;;;
000001;48;ADH Brugherio;01-01-1800;31-12-2999;BUDIVA-IND;BudIvan-indirette;01-01-1800;31-12-2999;;;
000001;58;Monza;01-01-1800;31-12-2999;BUTCHI-DIR;ButChiara-dirette;01-01-1800;31-12-2999;;;
000001;58;Monza;01-01-1800;31-12-2999;BUTCHI-IND;ButChiara-indirette;01-01-1800;31-12-2999;;;
000001;58;Monza;01-01-1800;31-12-2999;CAECOV-DIR;CarEdgard/ConViola-dirette;01-01-1800;31-12-2999;;;
000001;58;Monza;01-01-1800;31-12-2999;CAECOV-IND;CaeEdgard/ConViola-indirette;01-01-1800;31-12-2999;;;
000001;32;ASH Brugherio;01-01-1800;31-12-2999;CALGAI-DIR;CalGaia-dirette;01-10-2017;31-12-2999;;;
000001;48;ADH Brugherio;01-01-1800;31-12-2999;CALGAI-DIR;CalGaia-dirette;01-10-2017;31-12-2999;;;
000001;32;ASH Brugherio;01-01-1800;31-12-2999;CALGAI-IND;CalGaia-indirette;01-10-2017;31-12-2999;;;
000001;48;ADH Brugherio;01-01-1800;31-12-2999;CALGAI-IND;CalGaia-indirette;01-10-2017;31-12-2999;;;
000001;32;ASH Brugherio;01-01-1800;31-12-2999;CALMAR-DIR;CalMarco-dirette;01-01-1800;31-12-2999;;;
000001;48;ADH Brugherio;01-01-1800;31-12-2999;CALMAR-DIR;CalMarco-dirette;01-01-1800;31-12-2999;;;
000001;32;ASH Brugherio;01-01-1800;31-12-2999;CALMAR-IND;CalMarco-indirette;01-01-1800;31-12-2999;;;
000001;48;ADH Brugherio;01-01-1800;31-12-2999;CALMAR-IND;CalMarco-indirette;01-01-1800;31-12-2999;;;
000001;32;ASH Brugherio;01-01-1800;31-12-2999;CALVLA-DIR;CalVlad-dirette;01-01-1800;31-12-2999;;;
000001;48;ADH Brugherio;01-01-1800;31-12-2999;CALVLA-DIR;CalVlad-dirette;01-01-1800;31-12-2999;;;
000001;32;ASH Brugherio;01-01-1800;31-12-2999;CALVLA-IND;CalVlad.indirette;01-01-1800;31-12-2999;;;
000001;48;ADH Brugherio;01-01-1800;31-12-2999;CALVLA-IND;CalVlad.indirette;01-01-1800;31-12-2999;;;
000001;32;ASH Brugherio;01-01-1800;31-12-2999;CAMALE-DIR;CamAlessandra-dirette;01-01-1800;31-12-2999;;;
000001;48;ADH Brugherio;01-01-1800;31-12-2999;CAMALE-DIR;CamAlessandra-dirette;01-01-1800;31-12-2999;;;
000001;32;ASH Brugherio;01-01-1800;31-12-2999;CAMALE-IND;CamAlessandra-indirette;01-01-1800;31-12-2999;;;
000001;48;ADH Brugherio;01-01-1800;31-12-2999;CAMALE-IND;CamAlessandra-indirette;01-01-1800;31-12-2999;;;
000001;58;Monza;01-01-1800;31-12-2999;CAMMAR-DIR;CamMarika-dirette;01-01-1800;31-12-2999;;;
000001;58;Monza;01-01-1800;31-12-2999;CAMMAR-IND;CamMarika-indirette;01-01-1800;31-12-2999;;;
000001;32;ASH Brugherio;01-01-1800;31-12-2999;CAMSTE-DIR;CamStefano-dirette;01-01-1800;31-12-2999;;;
000001;48;ADH Brugherio;01-01-1800;31-12-2999;CAMSTE-DIR;CamStefano-dirette;01-01-1800;31-12-2999;;;
000001;32;ASH Brugherio;01-01-1800;31-12-2999;CAMSTE-IND;CamStefano-indirette;01-01-1800;31-12-2999;;;
000001;48;ADH Brugherio;01-01-1800;31-12-2999;CAMSTE-IND;CamStefano-indirette;01-01-1800;31-12-2999;;;
000001;32;ASH Brugherio;01-01-1800;31-12-2999;CAPGIO-DIR;CapGiorgia-dirette;01-01-1800;31-12-2999;;;
000001;48;ADH Brugherio;01-01-1800;31-12-2999;CAPGIO-DIR;CapGiorgia-dirette;01-01-1800;31-12-2999;;;
000001;32;ASH Brugherio;01-01-1800;31-12-2999;CAPGIO-IND;CapGiorgia-indirette;01-01-1800;31-12-2999;;;
000001;48;ADH Brugherio;01-01-1800;31-12-2999;CAPGIO-IND;CapGiorgia-indirette;01-01-1800;31-12-2999;;;
000001;32;ASH Brugherio;01-01-1800;31-12-2999;CAPMAT-DIR;CapMatilde;01-01-1800;31-12-2999;;;
000001;48;ADH Brugherio;01-01-1800;31-12-2999;CAPMAT-DIR;CapMatilde;01-01-1800;31-12-2999;;;
000001;32;ASH Brugherio;01-01-1800;31-12-2999;CAPMAT-IND;CapMatilde-indirette;01-01-1800;31-12-2999;;;
000001;48;ADH Brugherio;01-01-1800;31-12-2999;CAPMAT-IND;CapMatilde-indirette;01-01-1800;31-12-2999;;;
000001;32;ASH Brugherio;01-01-1800;31-12-2999;CAPSTE-DIR;CapStefano-dirette;01-01-1800;31-12-2999;;;
000001;48;ADH Brugherio;01-01-1800;31-12-2999;CAPSTE-DIR;CapStefano-dirette;01-01-1800;31-12-2999;;;
000001;32;ASH Brugherio;01-01-1800;31-12-2999;CAPSTE-IND;CapStefano-indirette;01-01-1800;31-12-2999;;;
000001;48;ADH Brugherio;01-01-1800;31-12-2999;CAPSTE-IND;CapStefano-indirette;01-01-1800;31-12-2999;;;
000001;58;Monza;01-01-1800;31-12-2999;CAPTHO-DIR;CapThomas-dirette;01-01-1800;31-12-2999;;;
000001;58;Monza;01-01-1800;31-12-2999;CAPTHO-IND;CapThomas-indirette;01-01-1800;31-12-2999;;;
000001;58;Monza;01-01-1800;31-12-2999;CARAUR-DIR;CarAurora-dirette;01-01-1800;31-12-2999;;;
000001;58;Monza;01-01-1800;31-12-2999;CARAUR-IND;CarAurora-indirette;01-01-1800;31-12-2999;;;
000001;58;Monza;01-01-1800;31-12-2999;CAREDG-DIR;CarEdgard-dirette;01-01-1800;31-12-2999;;;
000001;58;Monza;01-01-1800;31-12-2999;CAREDG-IND;C;01-01-1800;31-12-2999;;;
000001;58;Monza;01-01-1800;31-12-2999;CARGIA-DIR;CarGiada-dirette;01-01-1800;31-12-2999;;;
000001;58;Monza;01-01-1800;31-12-2999;CARGIA-IND;CarGiada-indirette;01-01-1800;31-12-2999;;;
000001;58;Monza;01-01-1800;31-12-2999;CARLUC;CarLuca-indirette;01-01-1800;31-12-2999;;;
000001;58;Monza;01-01-1800;31-12-2999;CARLUC-DIR;CarLuca-dirette;01-01-1800;31-12-2999;;;
000001;32;ASH Brugherio;01-01-1800;31-12-2999;CASCHR-DIR;CasChristian-dirette;01-01-1800;31-12-2999;;;
000001;48;ADH Brugherio;01-01-1800;31-12-2999;CASCHR-DIR;CasChristian-dirette;01-01-1800;31-12-2999;;;
000001;32;ASH Brugherio;01-01-1800;31-12-2999;CASCHR-IND;CasChristian-indirette;01-01-1800;31-12-2999;;;
000001;48;ADH Brugherio;01-01-1800;31-12-2999;CASCHR-IND;CasChristian-indirette;01-01-1800;31-12-2999;;;
000001;58;Monza;01-01-1800;31-12-2999;CASSOF-DIR;CasSofia-dirette;01-01-1800;31-12-2999;;;
000001;58;Monza;01-01-1800;31-12-2999;CASSOF-IND;CasSofia-indirette;01-01-1800;31-12-2999;;;
000001;32;ASH Brugherio;01-01-1800;31-12-2999;CASTHO-DIR;CasThomas-dirette;01-01-1800;31-12-2999;;;
000001;48;ADH Brugherio;01-01-1800;31-12-2999;CASTHO-DIR;CasThomas-dirette;01-01-1800;31-12-2999;;;
000001;32;ASH Brugherio;01-01-1800;31-12-2999;CASTHO-IND;CasThomas-indirette;01-01-1800;31-12-2999;;;
000001;48;ADH Brugherio;01-01-1800;31-12-2999;CASTHO-IND;CasThomas-indirette;01-01-1800;31-12-2999;;;
000001;58;Monza;01-01-1800;31-12-2999;CASTOM-DIR;CasTommaso-dirette;01-01-1800;31-12-2999;;;
000001;58;Monza;01-01-1800;31-12-2999;CASTOM-IND;CasTommaso-indirette;01-01-1800;31-12-2999;;;
000001;32;ASH Brugherio;01-01-1800;31-12-2999;CAVMAR-DIR;CavMartin-dirette;01-01-1800;31-12-2999;;;
000001;48;ADH Brugherio;01-01-1800;31-12-2999;CAVMAR-DIR;CavMartin-dirette;01-01-1800;31-12-2999;;;
000001;32;ASH Brugherio;01-01-1800;31-12-2999;CAVMAR-IND;CavMartin-indirette;01-01-1800;31-12-2999;;;
000001;48;ADH Brugherio;01-01-1800;31-12-2999;CAVMAR-IND;CavMartin-indirette;01-01-1800;31-12-2999;;;
000001;58;Monza;01-01-1800;31-12-2999;CELERI-DIR;CelErik-dirette;01-01-1800;31-12-2999;;;
000001;58;Monza;01-01-1800;31-12-2999;CELERI-IND;CelErik-indirette;01-01-1800;31-12-2999;;;
000001;32;ASH Brugherio;01-01-1800;31-12-2999;CENTRO ESTIVO;CENTRO ESTIVO;01-01-1800;31-12-2999;;;
000001;58;Monza;01-01-1800;31-12-2999;CEPSAM-DIR;CepSamuel-dirette;01-01-1800;31-12-2999;;;
000001;58;Monza;01-01-1800;31-12-2999;CEPSAM-IND;CepSamuel-indirette;01-01-1800;31-12-2999;;;
000001;58;Monza;01-01-1800;31-12-2999;CERLEO-DIR;CerLeonardo-dirette;01-01-1800;31-12-2999;;;
000001;58;Monza;01-01-1800;31-12-2999;CERLEO-IND;CerLeonardo-indirette;01-01-1800;31-12-2999;;;
000001;32;ASH Brugherio;01-01-1800;31-12-2999;CHEANG-DIR;CheAngelaP-dirette;01-01-1800;31-12-2999;;;
000001;48;ADH Brugherio;01-01-1800;31-12-2999;CHEANG-DIR;CheAngelaP-dirette;01-01-1800;31-12-2999;;;
000001;32;ASH Brugherio;01-01-1800;31-12-2999;CHEANG-IND;CheAngelaP-indirette;01-01-1800;31-12-2999;;;
000001;48;ADH Brugherio;01-01-1800;31-12-2999;CHEANG-IND;CheAngelaP-indirette;01-01-1800;31-12-2999;;;
000001;32;ASH Brugherio;01-01-1800;31-12-2999;CHIPAT-DIR;ChiPatrik-dirette;01-01-1800;31-12-2999;;;
000001;48;ADH Brugherio;01-01-1800;31-12-2999;CHIPAT-DIR;ChiPatrik-dirette;01-01-1800;31-12-2999;;;
000001;32;ASH Brugherio;01-01-1800;31-12-2999;CHUFAB-DIR;ChuPerezFabrizio-dirette;16-09-2019;31-12-2999;;;
000001;48;ADH Brugherio;01-01-1800;31-12-2999;CHUFAB-DIR;ChuPerezFabrizio-dirette;16-09-2019;31-12-2999;;;
000001;32;ASH Brugherio;01-01-1800;31-12-2999;CHUFAB-IND;ChuPerezFabrizio-indirette;16-09-2019;31-12-2999;;;
000001;48;ADH Brugherio;01-01-1800;31-12-2999;CHUFAB-IND;ChuPerezFabrizio-indirette;16-09-2019;31-12-2999;;;
000001;32;ASH Brugherio;01-01-1800;31-12-2999;CHUPER-DIR;ChuPerezFabrizio-dirette;01-01-1800;31-12-2999;;;
000001;48;ADH Brugherio;01-01-1800;31-12-2999;CHUPER-DIR;ChuPerezFabrizio-dirette;01-01-1800;31-12-2999;;;
000001;32;ASH Brugherio;01-01-1800;31-12-2999;CHUPER-IND;ChuPerezFabrizio-indirette;01-01-1800;31-12-2999;;;
000001;48;ADH Brugherio;01-01-1800;31-12-2999;CHUPER-IND;ChuPerezFabrizio-indirette;01-01-1800;31-12-2999;;;
000001;58;Monza;01-01-1800;31-12-2999;CICRIC-DIR;CicRiccardo-dirette;01-01-1800;31-12-2999;;;
000001;58;Monza;01-01-1800;31-12-2999;CICRIC-IND;CicRiccardo-inidrette;01-01-1800;31-12-2999;;;
000001;58;Monza;01-01-1800;31-12-2999;CIRALE-ARDIGO';CirAlessandro-Ardigo';01-01-1800;31-12-2999;;;
000001;58;Monza;01-01-1800;31-12-2999;CIRALE-DIR;CirAlessandro-dirette;01-01-1800;31-12-2999;;;
000001;58;Monza;01-01-1800;31-12-2999;CIRALE-IND;CirAlessandro-indirette;01-01-1800;31-12-2999;;;
000001;32;ASH Brugherio;01-01-1800;31-12-2999;CISMAM-DIR;CisMamadou-dirette;01-01-1800;31-12-2999;;;
000001;48;ADH Brugherio;01-01-1800;31-12-2999;CISMAM-DIR;CisMamadou-dirette;01-01-1800;31-12-2999;;;
000001;32;ASH Brugherio;01-01-1800;31-12-2999;CISMAM-IND;CisMamadou-indirette;01-01-1800;31-12-2999;;;
000001;48;ADH Brugherio;01-01-1800;31-12-2999;CISMAM-IND;CisMamadou-indirette;01-01-1800;31-12-2999;;;
000001;58;Monza;01-01-1800;31-12-2999;CITCAM-DIR;CitCamillaSara-dirette;01-01-1800;31-12-2999;;;
000001;58;Monza;01-01-1800;31-12-2999;CITCAM-IND;CitCamillaSara-indirette;01-01-1800;31-12-2999;;;
000001;32;ASH Brugherio;01-01-1800;31-12-2999;CIVAZZ-DIR;CivAzzurra-dirette;01-01-1800;31-12-2999;;;
000001;48;ADH Brugherio;01-01-1800;31-12-2999;CIVAZZ-DIR;CivAzzurra-dirette;01-01-1800;31-12-2999;;;
000001;32;ASH Brugherio;01-01-1800;31-12-2999;CIVAZZ-IND;CivAzzurra-indirette;01-01-1800;31-12-2999;;;
000001;48;ADH Brugherio;01-01-1800;31-12-2999;CIVAZZ-IND;CivAzzurra-indirette;01-01-1800;31-12-2999;;;
000001;32;ASH Brugherio;01-01-1800;31-12-2999;CLAVLA-DIR;ClaVlad-dirette;01-01-1800;31-12-2999;;;
000001;48;ADH Brugherio;01-01-1800;31-12-2999;CLAVLA-DIR;ClaVlad-dirette;01-01-1800;31-12-2999;;;
000001;32;ASH Brugherio;01-01-1800;31-12-2999;CLAVLA-IND;ClaVlad-indirette;01-01-1800;31-12-2999;;;
000001;48;ADH Brugherio;01-01-1800;31-12-2999;CLAVLA-IND;ClaVlad-indirette;01-01-1800;31-12-2999;;;
000001;58;Monza;01-01-1800;31-12-2999;COLDAV-DIR;ColDavide-dirette;01-01-1800;31-12-2999;;;
000001;58;Monza;01-01-1800;31-12-2999;COLDAV-IND;ColDavide-indirette;01-01-1800;31-12-2999;;;
000001;32;ASH Brugherio;01-01-1800;31-12-2999;COLMAS-DIR;ColMassimo-dirette;01-01-1800;31-12-2999;;;
000001;48;ADH Brugherio;01-01-1800;31-12-2999;COLMAS-DIR;ColMassimo-dirette;01-01-1800;31-12-2999;;;
000001;32;ASH Brugherio;01-01-1800;31-12-2999;COLMAS-IND;ColMassimo-indirette;01-01-1800;31-12-2999;;;
000001;48;ADH Brugherio;01-01-1800;31-12-2999;COLMAS-IND;ColMassimo-indirette;01-01-1800;31-12-2999;;;
000001;58;Monza;01-01-1800;31-12-2999;COLMAT-DIR;ColMatilde-dirette;01-01-1800;31-12-2999;;;
000001;58;Monza;01-01-1800;31-12-2999;COLMAT-IND;ColMatilde-indirette;01-01-1800;31-12-2999;;;
000001;32;ASH Brugherio;01-01-1800;31-12-2999;COMALB-DIR;ComAlberto-dirette;01-01-1800;31-12-2999;;;
000001;48;ADH Brugherio;01-01-1800;31-12-2999;COMALB-DIR;ComAlberto-dirette;01-01-1800;31-12-2999;;;
000001;32;ASH Brugherio;01-01-1800;31-12-2999;COMALB-IND;ComAlberto-indirette;01-01-1800;31-12-2999;;;
000001;48;ADH Brugherio;01-01-1800;31-12-2999;COMALB-IND;ComAlberto-indirette;01-01-1800;31-12-2999;;;
000001;58;Monza;01-01-1800;31-12-2999;CONGUI-DIR;ConGuido-dirette;01-01-1800;31-12-2999;;;
000001;58;Monza;01-01-1800;31-12-2999;CONGUI-IND;ConGuido-indirette;01-01-1800;31-12-2999;;;
000001;32;ASH Brugherio;01-01-1800;31-12-2999;CONNIC-DIR;ConNicolo-dirette;01-01-1800;31-12-2999;;;
000001;48;ADH Brugherio;01-01-1800;31-12-2999;CONNIC-DIR;ConNicolo-dirette;01-01-1800;31-12-2999;;;
000001;58;Monza;01-01-1800;31-12-2999;CONVIO-DIR;ConViola-dirette;01-01-1800;31-12-2999;;;
000001;58;Monza;01-01-1800;31-12-2999;CONVIO-IND;ConViola-indirette;01-01-1800;31-12-2999;;;
000001;32;ASH Brugherio;01-01-1800;31-12-2999;COSCHR-DIR;CosChristian-dirette;01-01-1800;31-12-2999;;;
000001;48;ADH Brugherio;01-01-1800;31-12-2999;COSCHR-DIR;CosChristian-dirette;01-01-1800;31-12-2999;;;
000001;32;ASH Brugherio;01-01-1800;31-12-2999;COSCHR-IND;CosChristian-indirette;01-01-1800;31-12-2999;;;
000001;48;ADH Brugherio;01-01-1800;31-12-2999;COSCHR-IND;CosChristian-indirette;01-01-1800;31-12-2999;;;
000001;32;ASH Brugherio;01-01-1800;31-12-2999;COSI' PER GIOCO;COSI' PER GIOCO (sm-tm-rl);01-01-1800;31-12-2999;;;
000001;48;ADH Brugherio;01-01-1800;31-12-2999;COSI' PER GIOCO;COSI' PER GIOCO (sm-tm-rl);01-01-1800;31-12-2999;;;
000001;32;ASH Brugherio;01-01-1800;31-12-2999;CRIKEV-DIR;CriKevin-dirette;01-01-1800;31-12-2999;;;
000001;48;ADH Brugherio;01-01-1800;31-12-2999;CRIKEV-DIR;CriKevin-dirette;01-01-1800;31-12-2999;;;
000001;32;ASH Brugherio;01-01-1800;31-12-2999;CRIKEV-IND;CriKevin-indirette;01-01-1800;31-12-2999;;;
000001;48;ADH Brugherio;01-01-1800;31-12-2999;CRIKEV-IND;CriKevin-indirette;01-01-1800;31-12-2999;;;
000001;32;ASH Brugherio;01-01-1800;31-12-2999;CURRIC-DIR;CurRiccardo-dirette;01-01-1800;31-12-2999;;;
000001;48;ADH Brugherio;01-01-1800;31-12-2999;CURRIC-DIR;CurRiccardo-dirette;01-01-1800;31-12-2999;;;
000001;32;ASH Brugherio;01-01-1800;31-12-2999;CURRIC-IND;CurRiccardo-indirette;01-01-1800;31-12-2999;;;
000001;48;ADH Brugherio;01-01-1800;31-12-2999;CURRIC-IND;CurRiccardo-indirette;01-01-1800;31-12-2999;;;
000001;32;ASH Brugherio;01-01-1800;31-12-2999;CXGBRI-DIR;CXGBri-dirette;01-01-1800;31-12-2999;;;
000001;48;ADH Brugherio;01-01-1800;31-12-2999;CXGBRI-DIR;CXGBri-dirette;01-01-1800;31-12-2999;;;
000001;32;ASH Brugherio;01-01-1800;31-12-2999;CXGBRI-IND;CXGBri-indirette;01-01-1800;31-12-2999;;;
000001;48;ADH Brugherio;01-01-1800;31-12-2999;CXGBRI-IND;CXGBri-indirette;01-01-1800;31-12-2999;;;
000001;32;ASH Brugherio;01-01-1800;31-12-2999;CXGCAS-DIR;CXGCas-dirette;01-01-1800;31-12-2999;;;
000001;48;ADH Brugherio;01-01-1800;31-12-2999;CXGCAS-DIR;CXGCas-dirette;01-01-1800;31-12-2999;;;
000001;32;ASH Brugherio;01-01-1800;31-12-2999;CXGCAS-IND;CXGCas-indirette;01-01-1800;31-12-2999;;;
000001;48;ADH Brugherio;01-01-1800;31-12-2999;CXGCAS-IND;CXGCas-indirette;01-01-1800;31-12-2999;;;
000001;32;ASH Brugherio;01-01-1800;31-12-2999;CXGCORRIDONI;CXGCORRIDONI;01-01-1800;31-12-2999;;;
000001;48;ADH Brugherio;01-01-1800;31-12-2999;CXGCORRIDONI;CXGCORRIDONI;01-01-1800;31-12-2999;;;
000001;32;ASH Brugherio;01-01-1800;31-12-2999;CXGELKMAR-DIR;CXGElkMariem-dirette;01-01-1800;31-12-2999;;;
000001;48;ADH Brugherio;01-01-1800;31-12-2999;CXGELKMAR-DIR;CXGElkMariem-dirette;01-01-1800;31-12-2999;;;
000001;32;ASH Brugherio;01-01-1800;31-12-2999;CXGELKMAR-IND;CXGElkMariem-indirette;01-01-1800;31-12-2999;;;
000001;48;ADH Brugherio;01-01-1800;31-12-2999;CXGELKMAR-IND;CXGElkMariem-indirette;01-01-1800;31-12-2999;;;
000001;32;ASH Brugherio;01-01-1800;31-12-2999;CXGFORTIS;CXGFORTIS;01-01-1800;31-12-2999;;;
000001;48;ADH Brugherio;01-01-1800;31-12-2999;CXGFORTIS;CXGFORTIS;01-01-1800;31-12-2999;;;
000001;32;ASH Brugherio;01-01-1800;31-12-2999;CXGFUSDAN-DIR;CXGFusDaniele-dirette;01-01-1800;31-12-2999;;;
000001;48;ADH Brugherio;01-01-1800;31-12-2999;CXGFUSDAN-DIR;CXGFusDaniele-dirette;01-01-1800;31-12-2999;;;
000001;32;ASH Brugherio;01-01-1800;31-12-2999;CXGFUSDAN-IND;CXGFusDaniele-indirette;01-01-1800;31-12-2999;;;
000001;48;ADH Brugherio;01-01-1800;31-12-2999;CXGFUSDAN-IND;CXGFusDaniele-indirette;01-01-1800;31-12-2999;;;
000001;32;ASH Brugherio;01-01-1800;31-12-2999;CXGMAR-DIR;CXGMar-dirette;01-01-1800;31-12-2999;;;
000001;48;ADH Brugherio;01-01-1800;31-12-2999;CXGMAR-DIR;CXGMar-dirette;01-01-1800;31-12-2999;;;
000001;32;ASH Brugherio;01-01-1800;31-12-2999;CXGMAR-IND;CxGMar-indirette;01-01-1800;31-12-2999;;;
000001;48;ADH Brugherio;01-01-1800;31-12-2999;CXGMAR-IND;CxGMar-indirette;01-01-1800;31-12-2999;;;
000001;32;ASH Brugherio;01-01-1800;31-12-2999;CXGMARTOM-DIR;CXGMarTommaso-dirette;01-01-1800;31-12-2999;;;
000001;48;ADH Brugherio;01-01-1800;31-12-2999;CXGMARTOM-DIR;CXGMarTommaso-dirette;01-01-1800;31-12-2999;;;
000001;32;ASH Brugherio;01-01-1800;31-12-2999;CXGMARTOM-IND;CXGMarTommaso-indirette;01-01-1800;31-12-2999;;;
000001;48;ADH Brugherio;01-01-1800;31-12-2999;CXGMARTOM-IND;CXGMarTommaso-indirette;01-01-1800;31-12-2999;;;
000001;32;ASH Brugherio;01-01-1800;31-12-2999;CXGMAT-DIR;CXGMatMarwa-dirette;01-01-1800;31-12-2999;;;
000001;48;ADH Brugherio;01-01-1800;31-12-2999;CXGMAT-DIR;CXGMatMarwa-dirette;01-01-1800;31-12-2999;;;
000001;32;ASH Brugherio;01-01-1800;31-12-2999;CXGMAT-IND;CXGMatMarwa-indirette;01-01-1800;31-12-2999;;;
000001;48;ADH Brugherio;01-01-1800;31-12-2999;CXGMAT-IND;CXGMatMarwa-indirette;01-01-1800;31-12-2999;;;
000001;32;ASH Brugherio;01-01-1800;31-12-2999;CXGMODALI-DIR;CXGModAlice-dirette;01-01-1800;31-12-2999;;;
000001;48;ADH Brugherio;01-01-1800;31-12-2999;CXGMODALI-DIR;CXGModAlice-dirette;01-01-1800;31-12-2999;;;
000001;32;ASH Brugherio;01-01-1800;31-12-2999;CXGMODALI-IND;CXGModAlice-indirette;01-01-1800;31-12-2999;;;
000001;48;ADH Brugherio;01-01-1800;31-12-2999;CXGMODALI-IND;CXGModAlice-indirette;01-01-1800;31-12-2999;;;
000001;32;ASH Brugherio;01-01-1800;31-12-2999;CXGMUS-DIR;CXGMusGabriel-dirette;01-01-1800;31-12-2999;;;
000001;48;ADH Brugherio;01-01-1800;31-12-2999;CXGMUS-DIR;CXGMusGabriel-dirette;01-01-1800;31-12-2999;;;
000001;32;ASH Brugherio;01-01-1800;31-12-2999;CXGMUS-IND;CXGMusGabriel-indirette;01-01-1800;31-12-2999;;;
000001;48;ADH Brugherio;01-01-1800;31-12-2999;CXGMUS-IND;CXGMusGabriel-indirette;01-01-1800;31-12-2999;;;
000001;32;ASH Brugherio;01-01-1800;31-12-2999;CXGPIR-DIR;CXGPir-dirette;01-01-1800;31-12-2999;;;
000001;48;ADH Brugherio;01-01-1800;31-12-2999;CXGPIR-DIR;CXGPir-dirette;01-01-1800;31-12-2999;;;
000001;32;ASH Brugherio;01-01-1800;31-12-2999;CXGPIS-DIR;CXGPisAnastasia-dirette;01-01-1800;31-12-2999;;;
000001;48;ADH Brugherio;01-01-1800;31-12-2999;CXGPIS-DIR;CXGPisAnastasia-dirette;01-01-1800;31-12-2999;;;
000001;32;ASH Brugherio;01-01-1800;31-12-2999;CXGPIS-IND;CXGPisAnastasia-indirette;01-01-1800;31-12-2999;;;
000001;48;ADH Brugherio;01-01-1800;31-12-2999;CXGPIS-IND;CXGPisAnastasia-indirette;01-01-1800;31-12-2999;;;
000001;32;ASH Brugherio;01-01-1800;31-12-2999;CXGSCO-DIR;CXGScoGiorgia-dirette;01-01-1800;31-12-2999;;;
000001;48;ADH Brugherio;01-01-1800;31-12-2999;CXGSCO-DIR;CXGScoGiorgia-dirette;01-01-1800;31-12-2999;;;
000001;32;ASH Brugherio;01-01-1800;31-12-2999;CXGSCO-IND;CXGScoGiorgia-indirette;01-01-1800;31-12-2999;;;
000001;48;ADH Brugherio;01-01-1800;31-12-2999;CXGSCO-IND;CXGScoGiorgia-indirette;01-01-1800;31-12-2999;;;
000001;32;ASH Brugherio;01-01-1800;31-12-2999;CXGSIV.IND;CXGSivMattia-indirette;01-01-1800;31-12-2999;;;
000001;48;ADH Brugherio;01-01-1800;31-12-2999;CXGSIV.IND;CXGSivMattia-indirette;01-01-1800;31-12-2999;;;
000001;32;ASH Brugherio;01-01-1800;31-12-2999;CXGSIV-DIR;CXGSivMattia;01-01-1800;31-12-2999;;;
000001;48;ADH Brugherio;01-01-1800;31-12-2999;CXGSIV-DIR;CXGSivMattia;01-01-1800;31-12-2999;;;
000001;32;ASH Brugherio;01-01-1800;31-12-2999;CXGSPALID-DIR;CXGSpaLidia-dirette;01-01-1800;31-12-2999;;;
000001;48;ADH Brugherio;01-01-1800;31-12-2999;CXGSPALID-DIR;CXGSpaLidia-dirette;01-01-1800;31-12-2999;;;
000001;32;ASH Brugherio;01-01-1800;31-12-2999;CXGSPALID-IND;CXGSpaLidia-indirette;01-01-1800;31-12-2999;;;
000001;48;ADH Brugherio;01-01-1800;31-12-2999;CXGSPALID-IND;CXGSpaLidia-indirette;01-01-1800;31-12-2999;;;
000001;32;ASH Brugherio;01-01-1800;31-12-2999;CXGSTR-DIR;CXGSivTomRom-dirette;01-01-1800;31-12-2999;;;
000001;48;ADH Brugherio;01-01-1800;31-12-2999;CXGSTR-DIR;CXGSivTomRom-dirette;01-01-1800;31-12-2999;;;
000001;32;ASH Brugherio;01-01-1800;31-12-2999;CXGSTR-IND;CXGSivTomRom-indirette;01-01-1800;31-12-2999;;;
000001;48;ADH Brugherio;01-01-1800;31-12-2999;CXGSTR-IND;CXGSivTomRom-indirette;01-01-1800;31-12-2999;;;
000001;32;ASH Brugherio;01-01-1800;31-12-2999;CXGTREJAS-DIR;CXGTreJason-dirette;01-01-1800;31-12-2999;;;
000001;48;ADH Brugherio;01-01-1800;31-12-2999;CXGTREJAS-DIR;CXGTreJason-dirette;01-01-1800;31-12-2999;;;
000001;32;ASH Brugherio;01-01-1800;31-12-2999;CXGTREJAS-IND;CXGTreJason-indirette;01-01-1800;31-12-2999;;;
000001;48;ADH Brugherio;01-01-1800;31-12-2999;CXGTREJAS-IND;CXGTreJason-indirette;01-01-1800;31-12-2999;;;
000001;32;ASH Brugherio;01-01-1800;31-12-2999;CXGTROC-DIR;CXGTroc-dirette;01-01-1800;31-12-2999;;;
000001;48;ADH Brugherio;01-01-1800;31-12-2999;CXGTROC-DIR;CXGTroc-dirette;01-01-1800;31-12-2999;;;
000001;32;ASH Brugherio;01-01-1800;31-12-2999;CXGTROC-IND;CXGTroc-indirette;01-01-1800;31-12-2999;;;
000001;48;ADH Brugherio;01-01-1800;31-12-2999;CXGTROC-IND;CXGTroc-indirette;01-01-1800;31-12-2999;;;
000001;32;ASH Brugherio;01-01-1800;31-12-2999;CXGTROI-DIR;CXGTroi-dirette;01-01-1800;31-12-2999;;;
000001;48;ADH Brugherio;01-01-1800;31-12-2999;CXGTROI-DIR;CXGTroi-dirette;01-01-1800;31-12-2999;;;
000001;32;ASH Brugherio;01-01-1800;31-12-2999;CXGTROI-IND;CXGTroi-indirette;01-01-1800;31-12-2999;;;
000001;48;ADH Brugherio;01-01-1800;31-12-2999;CXGTROI-IND;CXGTroi-indirette;01-01-1800;31-12-2999;;;
000001;32;ASH Brugherio;01-01-1800;31-12-2999;CXGTUC-DIR;CXGTuc-dirette;01-01-1800;31-12-2999;;;
000001;48;ADH Brugherio;01-01-1800;31-12-2999;CXGTUC-DIR;CXGTuc-dirette;01-01-1800;31-12-2999;;;
000001;32;ASH Brugherio;01-01-1800;31-12-2999;CXGTUC-IND;CXGTuc-indirette;01-01-1800;31-12-2999;;;
000001;48;ADH Brugherio;01-01-1800;31-12-2999;CXGTUC-IND;CXGTuc-indirette;01-01-1800;31-12-2999;;;
000001;32;ASH Brugherio;01-01-1800;31-12-2999;DANJAC-DIR;DanJacopo-dirette;01-01-1800;31-12-2999;;;
000001;48;ADH Brugherio;01-01-1800;31-12-2999;DANJAC-DIR;DanJacopo-dirette;01-01-1800;31-12-2999;;;
000001;32;ASH Brugherio;01-01-1800;31-12-2999;DANJAC-IND;DanJacopo-indirette;01-01-1800;31-12-2999;;;
000001;48;ADH Brugherio;01-01-1800;31-12-2999;DANJAC-IND;DanJacopo-indirette;01-01-1800;31-12-2999;;;
000001;32;ASH Brugherio;01-01-1800;31-12-2999;DEBGIU-DIR;DeBGiuseppe-dirette;01-10-2017;31-12-2999;;;
000001;48;ADH Brugherio;01-01-1800;31-12-2999;DEBGIU-DIR;DeBGiuseppe-dirette;01-10-2017;31-12-2999;;;
000001;32;ASH Brugherio;01-01-1800;31-12-2999;DEBGIU-IND;DeBGiuseppe-indirette;01-10-2017;31-12-2999;;;
000001;48;ADH Brugherio;01-01-1800;31-12-2999;DEBGIU-IND;DeBGiuseppe-indirette;01-10-2017;31-12-2999;;;
000001;32;ASH Brugherio;01-01-1800;31-12-2999;DEBMIC-DIR;DebMichol-dirette;01-01-1800;31-12-2999;;;
000001;48;ADH Brugherio;01-01-1800;31-12-2999;DEBMIC-DIR;DebMichol-dirette;01-01-1800;31-12-2999;;;
000001;32;ASH Brugherio;01-01-1800;31-12-2999;DEBMIC-IND;DebMichol-indirette;01-01-1800;31-12-2999;;;
000001;48;ADH Brugherio;01-01-1800;31-12-2999;DEBMIC-IND;DebMichol-indirette;01-01-1800;31-12-2999;;;
000001;32;ASH Brugherio;01-01-1800;31-12-2999;DEBNAT-DIR;DeBNatasha-dirette;01-01-1800;31-12-2999;;;
000001;48;ADH Brugherio;01-01-1800;31-12-2999;DEBNAT-DIR;DeBNatasha-dirette;01-01-1800;31-12-2999;;;
000001;32;ASH Brugherio;01-01-1800;31-12-2999;DEBNAT-IND;DeBNatasha-indirette;01-01-1800;31-12-2999;;;
000001;48;ADH Brugherio;01-01-1800;31-12-2999;DEBNAT-IND;DeBNatasha-indirette;01-01-1800;31-12-2999;;;
000001;32;ASH Brugherio;01-01-1800;31-12-2999;DELBEN-DIR;DelBenedetta-dirette;01-01-1800;31-12-2999;;;
000001;48;ADH Brugherio;01-01-1800;31-12-2999;DELBEN-DIR;DelBenedetta-dirette;01-01-1800;31-12-2999;;;
000001;32;ASH Brugherio;01-01-1800;31-12-2999;DELBEN-IND;DELBEN-IND;01-01-1800;31-12-2999;;;
000001;48;ADH Brugherio;01-01-1800;31-12-2999;DELBEN-IND;DELBEN-IND;01-01-1800;31-12-2999;;;
000001;32;ASH Brugherio;01-01-1800;31-12-2999;DELCHR-DIR;DelChristian-dirette;01-01-1800;31-12-2999;;;
000001;48;ADH Brugherio;01-01-1800;31-12-2999;DELCHR-DIR;DelChristian-dirette;01-01-1800;31-12-2999;;;
000001;32;ASH Brugherio;01-01-1800;31-12-2999;DELCHR-IND;DelChristian-indirette;01-01-1800;31-12-2999;;;
000001;48;ADH Brugherio;01-01-1800;31-12-2999;DELCHR-IND;DelChristian-indirette;01-01-1800;31-12-2999;;;
000001;58;Monza;01-01-1800;31-12-2999;DELMAR-DIR;DelVMarco-dirette;01-01-1800;31-12-2999;;;
000001;58;Monza;01-01-1800;31-12-2999;DELMAR-IND;DelVMarco-indirette;01-01-1800;31-12-2999;;;
000001;42;GEST:DIV;01-01-1800;31-12-2999;DEPANDANCE;DEPANDANCE;01-01-1800;31-12-2999;;;
000001;32;ASH Brugherio;01-01-1800;31-12-2999;DESCHR-DIR;DesChristian-dirette;01-01-1800;31-12-2999;;;
000001;48;ADH Brugherio;01-01-1800;31-12-2999;DESCHR-DIR;DesChristian-dirette;01-01-1800;31-12-2999;;;
000001;32;ASH Brugherio;01-01-1800;31-12-2999;DESCHR-IND;DesChristian-indirette;01-01-1800;31-12-2999;;;
000001;48;ADH Brugherio;01-01-1800;31-12-2999;DESCHR-IND;DesChristian-indirette;01-01-1800;31-12-2999;;;
000001;32;ASH Brugherio;01-01-1800;31-12-2999;DIAAUR-DIR;DiaAurora-dirette;01-01-1800;31-12-2999;;;
000001;48;ADH Brugherio;01-01-1800;31-12-2999;DIAAUR-DIR;DiaAurora-dirette;01-01-1800;31-12-2999;;;
000001;32;ASH Brugherio;01-01-1800;31-12-2999;DIAAUR-IND;DiaAurora-indirette;01-01-1800;31-12-2999;;;
000001;48;ADH Brugherio;01-01-1800;31-12-2999;DIAAUR-IND;DiaAurora-indirette;01-01-1800;31-12-2999;;;
000001;58;Monza;01-01-1800;31-12-2999;DIBALE-DIR;DibAlessio-dirette;01-01-1800;31-12-2999;;;
000001;58;Monza;01-01-1800;31-12-2999;DIBALE-IND;DibAlessio-indirette;01-01-1800;31-12-2999;;;
000001;32;ASH Brugherio;01-01-1800;31-12-2999;DICLET-DIR;DicLetizia-dirette;01-01-1800;31-12-2999;;;
000001;48;ADH Brugherio;01-01-1800;31-12-2999;DICLET-DIR;DicLetizia-dirette;01-01-1800;31-12-2999;;;
000001;32;ASH Brugherio;01-01-1800;31-12-2999;DICLET-IND;DicLetizia-indirette;01-01-1800;31-12-2999;;;
000001;48;ADH Brugherio;01-01-1800;31-12-2999;DICLET-IND;DicLetizia-indirette;01-01-1800;31-12-2999;;;
000001;58;Monza;01-01-1800;31-12-2999;DIDGER-DIR;DidGerardo-dirette;01-01-1800;31-12-2999;;;
000001;58;Monza;01-01-1800;31-12-2999;DIDGER-IND;DidGerardo-dirette;01-01-1800;31-12-2999;;;
000001;32;ASH Brugherio;01-01-1800;31-12-2999;DIMELI-DIR;DimElisa-dirette;01-01-1800;31-12-2999;;;
000001;48;ADH Brugherio;01-01-1800;31-12-2999;DIMELI-DIR;DimElisa-dirette;01-01-1800;31-12-2999;;;
000001;32;ASH Brugherio;01-01-1800;31-12-2999;DIMELI-IND;DimElisa-indirette;01-01-1800;31-12-2999;;;
000001;48;ADH Brugherio;01-01-1800;31-12-2999;DIMELI-IND;DimElisa-indirette;01-01-1800;31-12-2999;;;
000001;32;ASH Brugherio;01-01-1800;31-12-2999;DIMLEO-DIR;DiMLeonardo-dirette;01-01-1800;31-12-2999;;;
000001;48;ADH Brugherio;01-01-1800;31-12-2999;DIMLEO-DIR;DiMLeonardo-dirette;01-01-1800;31-12-2999;;;
000001;32;ASH Brugherio;01-01-1800;31-12-2999;DIMLEO-IND;DiMLeonardo-indirette;01-01-1800;31-12-2999;;;
000001;48;ADH Brugherio;01-01-1800;31-12-2999;DIMLEO-IND;DiMLeonardo-indirette;01-01-1800;31-12-2999;;;
000001;32;ASH Brugherio;01-01-1800;31-12-2999;DIPALE-DIR;DipAlessandro-dirette;01-01-1800;31-12-2999;;;
000001;48;ADH Brugherio;01-01-1800;31-12-2999;DIPALE-DIR;DipAlessandro-dirette;01-01-1800;31-12-2999;;;
000001;32;ASH Brugherio;01-01-1800;31-12-2999;DIPALE-IND;DipAlessandro-indirette;01-01-1800;31-12-2999;;;
000001;48;ADH Brugherio;01-01-1800;31-12-2999;DIPALE-IND;DipAlessandro-indirette;01-01-1800;31-12-2999;;;
000001;32;ASH Brugherio;01-01-1800;31-12-2999;DIPFRA-DIR;DipFrancesco;01-01-1800;31-12-2999;;;
000001;48;ADH Brugherio;01-01-1800;31-12-2999;DIPFRA-DIR;DipFrancesco;01-01-1800;31-12-2999;;;
000001;32;ASH Brugherio;01-01-1800;31-12-2999;DIPFRA-IND;DipFrancesco-indirette;01-01-1800;31-12-2999;;;
000001;48;ADH Brugherio;01-01-1800;31-12-2999;DIPFRA-IND;DipFrancesco-indirette;01-01-1800;31-12-2999;;;
000001;32;ASH Brugherio;01-01-1800;31-12-2999;DITALE-DIR;DitAlex-dirette;01-01-1800;31-12-2999;;;
000001;48;ADH Brugherio;01-01-1800;31-12-2999;DITALE-DIR;DitAlex-dirette;01-01-1800;31-12-2999;;;
000001;32;ASH Brugherio;01-01-1800;31-12-2999;DITALE-IND;DitAlex-indirette;01-01-1800;31-12-2999;;;
000001;48;ADH Brugherio;01-01-1800;31-12-2999;DITALE-IND;DitAlex-indirette;01-01-1800;31-12-2999;;;
000001;32;ASH Brugherio;01-01-1800;31-12-2999;DITJUA-DIR;DitJuan-dirette;01-01-1800;31-12-2999;;;
000001;48;ADH Brugherio;01-01-1800;31-12-2999;DITJUA-DIR;DitJuan-dirette;01-01-1800;31-12-2999;;;
000001;32;ASH Brugherio;01-01-1800;31-12-2999;DITJUA-IND;DitJuan-indirette;01-01-1800;31-12-2999;;;
000001;48;ADH Brugherio;01-01-1800;31-12-2999;DITJUA-IND;DitJuan-indirette;01-01-1800;31-12-2999;;;
000001;32;ASH Brugherio;01-01-1800;31-12-2999;DIVALE-DIR;DivAlessandro-dirette;01-01-1800;31-12-2999;;;
000001;48;ADH Brugherio;01-01-1800;31-12-2999;DIVALE-DIR;DivAlessandro-dirette;01-01-1800;31-12-2999;;;
000001;32;ASH Brugherio;01-01-1800;31-12-2999;DIVALE-IND;DivAlessandro-indirette;01-01-1800;31-12-2999;;;
000001;48;ADH Brugherio;01-01-1800;31-12-2999;DIVALE-IND;DivAlessandro-indirette;01-01-1800;31-12-2999;;;
000001;32;ASH Brugherio;01-01-1800;31-12-2999;DONLET-DIR;DonLetizia-dirette;01-01-1800;31-12-2999;;;
000001;48;ADH Brugherio;01-01-1800;31-12-2999;DONLET-DIR;DonLetizia-dirette;01-01-1800;31-12-2999;;;
000001;32;ASH Brugherio;01-01-1800;31-12-2999;DONLET-IND;DonLetizia-indirette;01-01-1800;31-12-2999;;;
000001;48;ADH Brugherio;01-01-1800;31-12-2999;DONLET-IND;DonLetizia-indirette;01-01-1800;31-12-2999;;;
000001;58;Monza;01-01-1800;31-12-2999;EDDAMA-DIR;EdDamani-dirette;01-01-1800;31-12-2999;;;
000001;58;Monza;01-01-1800;31-12-2999;EDDAMA-IND;EdDamani-indirette;01-01-1800;31-12-2999;;;
000001;32;ASH Brugherio;01-01-1800;31-12-2999;ELKMAR-DIR;ElkMariem-dirette;01-01-1800;31-12-2999;;;
000001;48;ADH Brugherio;01-01-1800;31-12-2999;ELKMAR-DIR;ElkMariem-dirette;01-01-1800;31-12-2999;;;
000001;32;ASH Brugherio;01-01-1800;31-12-2999;ELKMAR-IND;ElkMariem-indirette;01-01-1800;31-12-2999;;;
000001;48;ADH Brugherio;01-01-1800;31-12-2999;ELKMAR-IND;ElkMariem-indirette;01-01-1800;31-12-2999;;;
000001;58;Monza;01-01-1800;31-12-2999;ESCRIC-DIR;EscRiccardo-dirette;01-01-1800;31-12-2999;;;
000001;58;Monza;01-01-1800;31-12-2999;ESCRIC-IND;EscRiccardo-indirette;01-01-1800;31-12-2999;;;
000001;32;ASH Brugherio;01-01-1800;31-12-2999;ESPBEA-DIR;EspBeatrice-dirette;01-01-1800;31-12-2999;;;
000001;48;ADH Brugherio;01-01-1800;31-12-2999;ESPBEA-DIR;EspBeatrice-dirette;01-01-1800;31-12-2999;;;
000001;32;ASH Brugherio;01-01-1800;31-12-2999;ESPBEA-IND;EspBeatrice-indirette;01-01-1800;31-12-2999;;;
000001;48;ADH Brugherio;01-01-1800;31-12-2999;ESPBEA-IND;EspBeatrice-indirette;01-01-1800;31-12-2999;;;
000001;32;ASH Brugherio;01-01-1800;31-12-2999;ESPRIC-DIR;EspRiccardo-dirette;01-01-1800;31-12-2999;;;
000001;48;ADH Brugherio;01-01-1800;31-12-2999;ESPRIC-DIR;EspRiccardo-dirette;01-01-1800;31-12-2999;;;
000001;32;ASH Brugherio;01-01-1800;31-12-2999;ESPRIC-IND;EspRiccardo-indirette;01-01-1800;31-12-2999;;;
000001;48;ADH Brugherio;01-01-1800;31-12-2999;ESPRIC-IND;EspRiccardo-indirette;01-01-1800;31-12-2999;;;
000001;32;ASH Brugherio;01-01-1800;31-12-2999;ETTADA-DIR;EttAdam-dirette;01-01-1800;31-12-2999;;;
000001;48;ADH Brugherio;01-01-1800;31-12-2999;ETTADA-DIR;EttAdam-dirette;01-01-1800;31-12-2999;;;
000001;32;ASH Brugherio;01-01-1800;31-12-2999;ETTADA-IND;EttAdam-indirette;01-01-1800;31-12-2999;;;
000001;48;ADH Brugherio;01-01-1800;31-12-2999;ETTADA-IND;EttAdam-indirette;01-01-1800;31-12-2999;;;
000001;58;Monza;01-01-1800;31-12-2999;FERMIC-DIR;FerMichele-dirette;01-01-1800;31-12-2999;;;
000001;58;Monza;01-01-1800;31-12-2999;FERMIC-IND;FerMichele-dirette;01-01-1800;31-12-2999;;;
000001;58;Monza;01-01-1800;31-12-2999;FORBRA-DIR;ForBraian-dirette;01-01-1800;31-12-2999;;;
000001;58;Monza;01-01-1800;31-12-2999;FORBRA-IND;ForBraian-indirette;01-01-1800;31-12-2999;;;
000001;32;ASH Brugherio;01-01-1800;31-12-2999;FRADEV-DIR;FraDevid-dirette;01-01-1800;31-12-2999;;;
000001;48;ADH Brugherio;01-01-1800;31-12-2999;FRADEV-DIR;FraDevid-dirette;01-01-1800;31-12-2999;;;
000001;32;ASH Brugherio;01-01-1800;31-12-2999;FRADEV-IND;FraDevid-indirette;01-01-1800;31-12-2999;;;
000001;48;ADH Brugherio;01-01-1800;31-12-2999;FRADEV-IND;FraDevid-indirette;01-01-1800;31-12-2999;;;
000001;32;ASH Brugherio;01-01-1800;31-12-2999;FRASIM-DIR;FraSimona-dirette;01-01-1800;31-12-2999;;;
000001;48;ADH Brugherio;01-01-1800;31-12-2999;FRASIM-DIR;FraSimona-dirette;01-01-1800;31-12-2999;;;
000001;58;Monza;01-01-1800;31-12-2999;FRILUI-DIR;FriLuigi-dirette;01-01-1800;31-12-2999;;;
000001;58;Monza;01-01-1800;31-12-2999;FRILUI-IND;FriLuigi-indirette;01-01-1800;31-12-2999;;;
000001;58;Monza;01-01-1800;31-12-2999;FRUALE-DIR;FruAlessandro-dirette;01-01-1800;31-12-2999;;;
000001;58;Monza;01-01-1800;31-12-2999;FRUALE-IND;FruAlessandro-indirette;01-01-1800;31-12-2999;;;
000001;32;ASH Brugherio;01-01-1800;31-12-2999;FUMPAT-DIR;FumPatrik-dirette;01-01-2019;31-12-2999;;;
000001;48;ADH Brugherio;01-01-1800;31-12-2999;FUMPAT-DIR;FumPatrik-dirette;01-01-2019;31-12-2999;;;
000001;32;ASH Brugherio;01-01-1800;31-12-2999;FUMPAT-IND;Fum Patrik-indirette;01-01-1800;31-12-2999;;;
000001;48;ADH Brugherio;01-01-1800;31-12-2999;FUMPAT-IND;Fum Patrik-indirette;01-01-1800;31-12-2999;;;
000001;32;ASH Brugherio;01-01-1800;31-12-2999;FUSDAN-DIR;FusDaniele-dirette;01-01-1800;31-12-2999;;;
000001;48;ADH Brugherio;01-01-1800;31-12-2999;FUSDAN-DIR;FusDaniele-dirette;01-01-1800;31-12-2999;;;
000001;32;ASH Brugherio;01-01-1800;31-12-2999;FUSDAN-IND;FusDaniele-indirette;01-01-1800;31-12-2999;;;
000001;48;ADH Brugherio;01-01-1800;31-12-2999;FUSDAN-IND;FusDaniele-indirette;01-01-1800;31-12-2999;;;
000001;58;Monza;01-01-1800;31-12-2999;GAMCAR-DIR;GamCarmine-dirette;01-01-1800;31-12-2999;;;
000001;58;Monza;01-01-1800;31-12-2999;GAMCAR-IND;GamCarmine-indirette;01-01-1800;31-12-2999;;;
000001;32;ASH Brugherio;01-01-1800;31-12-2999;GANFRA-DIR;GanFrancesco-dirette;01-01-1800;31-12-2999;;;
000001;48;ADH Brugherio;01-01-1800;31-12-2999;GANFRA-DIR;GanFrancesco-dirette;01-01-1800;31-12-2999;;;
000001;32;ASH Brugherio;01-01-1800;31-12-2999;GANFRA-IND;GanFrancesco-indirette;01-01-1800;31-12-2999;;;
000001;48;ADH Brugherio;01-01-1800;31-12-2999;GANFRA-IND;GanFrancesco-indirette;01-01-1800;31-12-2999;;;
000001;32;ASH Brugherio;01-01-1800;31-12-2999;GARDIE-DIR;GarDiego-dirette;01-01-1800;31-12-2999;;;
000001;48;ADH Brugherio;01-01-1800;31-12-2999;GARDIE-DIR;GarDiego-dirette;01-01-1800;31-12-2999;;;
000001;32;ASH Brugherio;01-01-1800;31-12-2999;GARDIE-IND;GarDiego-indirette;01-01-1800;31-12-2999;;;
000001;48;ADH Brugherio;01-01-1800;31-12-2999;GARDIE-IND;GarDiego-indirette;01-01-1800;31-12-2999;;;
000001;32;ASH Brugherio;01-01-1800;31-12-2999;GARLAU-DIR;GarLaura-dirette;01-01-1800;31-12-2999;;;
000001;48;ADH Brugherio;01-01-1800;31-12-2999;GARLAU-DIR;GarLaura-dirette;01-01-1800;31-12-2999;;;
000001;32;ASH Brugherio;01-01-1800;31-12-2999;GARLAU-IND;GarLaura-indirette;01-01-1800;31-12-2999;;;
000001;48;ADH Brugherio;01-01-1800;31-12-2999;GARLAU-IND;GarLaura-indirette;01-01-1800;31-12-2999;;;
000001;58;Monza;01-01-1800;31-12-2999;GARSAR-DIR;GarSara-dirette;01-01-1800;31-12-2999;;;
000001;58;Monza;01-01-1800;31-12-2999;GARSAR-IND;GarSara-indirette;01-01-1800;31-12-2999;;;
000001;58;Monza;01-01-1800;31-12-2999;GARZEL-DIR;GarZeliaMaria-dirette;01-01-1800;31-12-2999;;;
000001;58;Monza;01-01-1800;31-12-2999;GARZEL-IND;GarZeliaMaria-indirette;01-01-1800;31-12-2999;;;
000001;58;Monza;01-01-1800;31-12-2999;GENRAF-DIR;GenRafael-dirette;01-01-1800;31-12-2999;;;
000001;58;Monza;01-01-1800;31-12-2999;GENRAF-IND;GenRafael-indirette;01-01-1800;31-12-2999;;;
000001;58;Monza;01-01-1800;31-12-2999;GERMAR-DIR;GerMartinDewa-dirette;01-01-1800;31-12-2999;;;
000001;58;Monza;01-01-1800;31-12-2999;GERMAR-IND;GerMartinDewa-indirette;01-01-1800;31-12-2999;;;
000001;58;Monza;01-01-1800;31-12-2999;GHASEI-DIR;GhaSeif-dirette;01-01-1800;31-12-2999;;;
000001;58;Monza;01-01-1800;31-12-2999;GHASEI-IND;GhaSeif-indirette;01-01-1800;31-12-2999;;;
000001;58;Monza;01-01-1800;31-12-2999;GIONIC-DIR;GioNicola-dirette;01-01-1800;31-12-2999;;;
000001;58;Monza;01-01-1800;31-12-2999;GIONIC-IND;GioNicola-indirette;01-01-1800;31-12-2999;;;
000001;32;ASH Brugherio;01-01-1800;31-12-2999;GIUGIA-DIR;GiuGiada-dirette;01-01-1800;31-12-2999;;;
000001;48;ADH Brugherio;01-01-1800;31-12-2999;GIUGIA-DIR;GiuGiada-dirette;01-01-1800;31-12-2999;;;
000001;32;ASH Brugherio;01-01-1800;31-12-2999;GIUGIA-IND;GiuGiada-indirette;01-01-1800;31-12-2999;;;
000001;48;ADH Brugherio;01-01-1800;31-12-2999;GIUGIA-IND;GiuGiada-indirette;01-01-1800;31-12-2999;;;
000001;58;Monza;01-01-1800;31-12-2999;GRAJAC-DIR;GraJacopo-dirette;01-01-1800;31-12-2999;;;
000001;58;Monza;01-01-1800;31-12-2999;GRAJAC-IND;GraJacopo-indirette;01-01-1800;31-12-2999;;;
000001;32;ASH Brugherio;01-01-1800;31-12-2999;GRAMAN-DIR;GraManuel-dirette;01-01-1800;31-12-2999;;;
000001;48;ADH Brugherio;01-01-1800;31-12-2999;GRAMAN-DIR;GraManuel-dirette;01-01-1800;31-12-2999;;;
000001;32;ASH Brugherio;01-01-1800;31-12-2999;GRAMAN-IND;GraManuel-indirette;01-01-1800;31-12-2999;;;
000001;48;ADH Brugherio;01-01-1800;31-12-2999;GRAMAN-IND;GraManuel-indirette;01-01-1800;31-12-2999;;;
000001;58;Monza;01-01-1800;31-12-2999;GRAMANU-DIR;GraManuel-dirette;01-01-1800;31-12-2999;;;
000001;58;Monza;01-01-1800;31-12-2999;GRAMANU-IND;GraManuel-indirette;01-01-1800;31-12-2999;;;
000001;32;ASH Brugherio;01-01-1800;31-12-2999;GRIMAR-DIR;GriMarco-dirette;01-01-1800;31-12-2999;;;
000001;48;ADH Brugherio;01-01-1800;31-12-2999;GRIMAR-DIR;GriMarco-dirette;01-01-1800;31-12-2999;;;
000001;32;ASH Brugherio;01-01-1800;31-12-2999;GRIMAR-IND;GriMarco-indirette;01-01-1800;31-12-2999;;;
000001;48;ADH Brugherio;01-01-1800;31-12-2999;GRIMAR-IND;GriMarco-indirette;01-01-1800;31-12-2999;;;
000001;58;Monza;01-01-1800;31-12-2999;GRIPIE-DIR;GriPierluigi-dirette;01-01-1800;31-12-2999;;;
000001;58;Monza;01-01-1800;31-12-2999;GRIPIE-IND;GriPierluigi-indirette;01-01-1800;31-12-2999;;;
000001;32;ASH Brugherio;01-01-1800;31-12-2999;GRUPPOPARI-DIR;Gruppodeipari(sb-cs-gl-bl)-dirette;01-01-1800;31-12-2999;;;
000001;48;ADH Brugherio;01-01-1800;31-12-2999;GRUPPOPARI-DIR;Gruppodeipari(sb-cs-gl-bl)-dirette;01-01-1800;31-12-2999;;;
000001;32;ASH Brugherio;01-01-1800;31-12-2999;GRUPPOPARI-IND;Gruppodeipari(sb-cs-gl-bl)-indirette;01-01-1800;31-12-2999;;;
000001;48;ADH Brugherio;01-01-1800;31-12-2999;GRUPPOPARI-IND;Gruppodeipari(sb-cs-gl-bl)-indirette;01-01-1800;31-12-2999;;;
000001;32;ASH Brugherio;01-01-1800;31-12-2999;GSA-TIRURS-DIR;GSATirUrs-dirette;01-01-1800;31-12-2999;;;
000001;48;ADH Brugherio;01-01-1800;31-12-2999;GSA-TIRURS-DIR;GSATirUrs-dirette;01-01-1800;31-12-2999;;;
000001;32;ASH Brugherio;01-01-1800;31-12-2999;GSA-TIR-URS-IND;GSATirUrs-indirette;01-01-1800;31-12-2999;;;
000001;48;ADH Brugherio;01-01-1800;31-12-2999;GSA-TIR-URS-IND;GSATirUrs-indirette;01-01-1800;31-12-2999;;;
000001;32;ASH Brugherio;01-01-1800;31-12-2999;GUAWEN-DIR;GuaWen-dirette;01-01-1800;31-12-2999;;;
000001;48;ADH Brugherio;01-01-1800;31-12-2999;GUAWEN-DIR;GuaWen-dirette;01-01-1800;31-12-2999;;;
000001;32;ASH Brugherio;01-01-1800;31-12-2999;GUAWEN-IND;GuaWen-indirette;01-01-1800;31-12-2999;;;
000001;48;ADH Brugherio;01-01-1800;31-12-2999;GUAWEN-IND;GuaWen-indirette;01-01-1800;31-12-2999;;;
000001;58;Monza;01-01-1800;31-12-2999;HANILA-DIR;HanIlaria-dirette;01-01-1800;31-12-2999;;;
000001;58;Monza;01-01-1800;31-12-2999;HANILA-IND;HanIlaria-indirette;01-01-1800;31-12-2999;;;
000001;58;Monza;01-01-1800;31-12-2999;HOXBRA-DIR;HoxBraian-dirette;01-01-1800;31-12-2999;;;
000001;58;Monza;01-01-1800;31-12-2999;HOXBRA-IND;HoxBraian-indirette;01-01-1800;31-12-2999;;;
000001;58;Monza;01-01-1800;31-12-2999;HUJSIL-DIR;HujSilvio-dirette;01-01-1800;31-12-2999;;;
000001;58;Monza;01-01-1800;31-12-2999;HUJSIL-IND;HujSilvio-indirette;01-01-1800;31-12-2999;;;
000001;32;ASH Brugherio;01-01-1800;31-12-2999;IMPBAR-DIR;ImpBarbara-dirette;01-01-1800;31-12-2999;;;
000001;48;ADH Brugherio;01-01-1800;31-12-2999;IMPBAR-DIR;ImpBarbara-dirette;01-01-1800;31-12-2999;;;
000001;32;ASH Brugherio;01-01-1800;31-12-2999;IMPBAR-IND;ImpBarbara-indirette;01-01-1800;31-12-2999;;;
000001;48;ADH Brugherio;01-01-1800;31-12-2999;IMPBAR-IND;ImpBarbara-indirette;01-01-1800;31-12-2999;;;
000001;32;ASH Brugherio;01-01-1800;31-12-2999;IMPBAR-S-DIR;ImpBarbara-Sensoriali-dirette;01-01-1800;31-12-2999;;;
000001;48;ADH Brugherio;01-01-1800;31-12-2999;IMPBAR-S-DIR;ImpBarbara-Sensoriali-dirette;01-01-1800;31-12-2999;;;
000001;32;ASH Brugherio;01-01-1800;31-12-2999;IMPBAR-S-IND;ImpBarbara-sensoriale-indirette;01-01-1800;31-12-2999;;;
000001;48;ADH Brugherio;01-01-1800;31-12-2999;IMPBAR-S-IND;ImpBarbara-sensoriale-indirette;01-01-1800;31-12-2999;;;
000001;32;ASH Brugherio;01-01-1800;31-12-2999;INCKAR-DIR;IncKarim-dirette;01-01-1800;31-12-2999;;;
000001;48;ADH Brugherio;01-01-1800;31-12-2999;INCKAR-DIR;IncKarim-dirette;01-01-1800;31-12-2999;;;
000001;32;ASH Brugherio;01-01-1800;31-12-2999;INCKAR-IND;IncKarim-indirette;01-01-1800;31-12-2999;;;
000001;48;ADH Brugherio;01-01-1800;31-12-2999;INCKAR-IND;IncKarim-indirette;01-01-1800;31-12-2999;;;
000001;32;ASH Brugherio;01-01-1800;31-12-2999;INNNIC-DIR;InnNicolas-dirette;01-01-1800;31-12-2999;;;
000001;48;ADH Brugherio;01-01-1800;31-12-2999;INNNIC-DIR;InnNicolas-dirette;01-01-1800;31-12-2999;;;
000001;32;ASH Brugherio;01-01-1800;31-12-2999;INNNIC-IND;InnNicolas-indirette;01-01-1800;31-12-2999;;;
000001;48;ADH Brugherio;01-01-1800;31-12-2999;INNNIC-IND;InnNicolas-indirette;01-01-1800;31-12-2999;;;
000001;58;Monza;01-01-1800;31-12-2999;IOZNIC-DIR;IozNiccolò-dirette;01-01-1800;31-12-2999;;;
000001;58;Monza;01-01-1800;31-12-2999;IOZNIC-IND;IozNiccolò-indirette;01-01-1800;31-12-2999;;;
000001;58;Monza;01-01-1800;31-12-2999;IULFRA-DIR;IulFrancesco-dirette;01-01-1800;31-12-2999;;;
000001;58;Monza;01-01-1800;31-12-2999;IULFRA-IND;IulFrancesco-indirette;01-01-1800;31-12-2999;;;
000001;58;Monza;01-01-1800;31-12-2999;KALTHE-DIR;KalThevin-dirette;01-01-1800;31-12-2999;;;
000001;58;Monza;01-01-1800;31-12-2999;KALTHE-IND;KalThevin-indirette;01-01-1800;31-12-2999;;;
000001;32;ASH Brugherio;01-01-1800;31-12-2999;KATSEL-DIR;KatSelma-dirette;01-01-1800;31-12-2999;;;
000001;48;ADH Brugherio;01-01-1800;31-12-2999;KATSEL-DIR;KatSelma-dirette;01-01-1800;31-12-2999;;;
000001;32;ASH Brugherio;01-01-1800;31-12-2999;KATSEL-IND;KatSelma-indirette;01-01-1800;31-12-2999;;;
000001;48;ADH Brugherio;01-01-1800;31-12-2999;KATSEL-IND;KatSelma-indirette;01-01-1800;31-12-2999;;;
000001;32;ASH Brugherio;01-01-1800;31-12-2999;LABOFR-DIR;Laboratorio Filo Rosso;01-01-1800;31-12-2999;;;
000001;48;ADH Brugherio;01-01-1800;31-12-2999;LABOFR-DIR;Laboratorio Filo Rosso;01-01-1800;31-12-2999;;;
000001;32;ASH Brugherio;01-01-1800;31-12-2999;LABOFR-IND;Laboratorio Filo Rosso - indirette;01-01-1800;31-12-2999;;;
000001;48;ADH Brugherio;01-01-1800;31-12-2999;LABOFR-IND;Laboratorio Filo Rosso - indirette;01-01-1800;31-12-2999;;;
000001;58;Monza;01-01-1800;31-12-2999;LADLOR-DIR;LadBossaLorenzo-dirette;01-01-1800;31-12-2999;;;
000001;58;Monza;01-01-1800;31-12-2999;LADLOR-IND;LadBossaLorenzo-i;01-01-1800;31-12-2999;;;
000001;32;ASH Brugherio;01-01-1800;31-12-2999;LAMRIC-DIR;LamR;01-01-1800;31-12-2999;;;
000001;48;ADH Brugherio;01-01-1800;31-12-2999;LAMRIC-DIR;LamR;01-01-1800;31-12-2999;;;
000001;32;ASH Brugherio;01-01-1800;31-12-2999;LAMRIC-IND;LamRiccardo-indirette;01-01-1800;31-12-2999;;;
000001;48;ADH Brugherio;01-01-1800;31-12-2999;LAMRIC-IND;LamRiccardo-indirette;01-01-1800;31-12-2999;;;
000001;32;ASH Brugherio;01-01-1800;31-12-2999;LANEDO-DIR;LanEdoardo-dirette;01-01-1800;31-12-2999;;;
000001;48;ADH Brugherio;01-01-1800;31-12-2999;LANEDO-DIR;LanEdoardo-dirette;01-01-1800;31-12-2999;;;
000001;32;ASH Brugherio;01-01-1800;31-12-2999;LANEDO-IND;LanEdoardo-indirette;01-01-1800;31-12-2999;;;
000001;48;ADH Brugherio;01-01-1800;31-12-2999;LANEDO-IND;LanEdoardo-indirette;01-01-1800;31-12-2999;;;
000001;58;Monza;01-01-1800;31-12-2999;LANGAB-DIR;LanGabriele-Dirette;01-01-1800;31-12-2999;;;
000001;58;Monza;01-01-1800;31-12-2999;LANGAB-IND;LanGabriele-INDIRETTE;01-01-1800;31-12-2999;;;
000001;32;ASH Brugherio;01-01-1800;31-12-2999;LATFRA-DIR;LatFrancesco-dirette;01-01-1800;31-12-2999;;;
000001;48;ADH Brugherio;01-01-1800;31-12-2999;LATFRA-DIR;LatFrancesco-dirette;01-01-1800;31-12-2999;;;
000001;32;ASH Brugherio;01-01-1800;31-12-2999;LATFRA-IND;LatFrancesco-indirette;01-01-1800;31-12-2999;;;
000001;48;ADH Brugherio;01-01-1800;31-12-2999;LATFRA-IND;LatFrancesco-indirette;01-01-1800;31-12-2999;;;
000001;32;ASH Brugherio;01-01-1800;31-12-2999;LATGAB-DIR;LatGabriele-dirette;01-01-1800;31-12-2999;;;
000001;48;ADH Brugherio;01-01-1800;31-12-2999;LATGAB-DIR;LatGabriele-dirette;01-01-1800;31-12-2999;;;
000001;32;ASH Brugherio;01-01-1800;31-12-2999;LATGAB-IND;LatGabriele-indirette;01-01-1800;31-12-2999;;;
000001;48;ADH Brugherio;01-01-1800;31-12-2999;LATGAB-IND;LatGabriele-indirette;01-01-1800;31-12-2999;;;
000001;32;ASH Brugherio;01-01-1800;31-12-2999;LATMAT-DIR;LaTMatteo-dirette;01-01-1800;31-12-2999;;;
000001;48;ADH Brugherio;01-01-1800;31-12-2999;LATMAT-DIR;LaTMatteo-dirette;01-01-1800;31-12-2999;;;
000001;32;ASH Brugherio;01-01-1800;31-12-2999;LATMAT-IND;LaTMatteo-indirette;01-01-1800;31-12-2999;;;
000001;48;ADH Brugherio;01-01-1800;31-12-2999;LATMAT-IND;LaTMatteo-indirette;01-01-1800;31-12-2999;;;
000001;58;Monza;01-01-1800;31-12-2999;LAULOR-DIR;LauLorenzo-dirette;01-01-1800;31-12-2999;;;
000001;58;Monza;01-01-1800;31-12-2999;LAULOR-IND;LauLorenzo-indirette;01-01-1800;31-12-2999;;;
000001;32;ASH Brugherio;01-01-1800;31-12-2999;LERFRA-DIR;LerFrancesco-dirette;01-01-1800;31-12-2999;;;
000001;48;ADH Brugherio;01-01-1800;31-12-2999;LERFRA-DIR;LerFrancesco-dirette;01-01-1800;31-12-2999;;;
000001;32;ASH Brugherio;01-01-1800;31-12-2999;LERFRA-IND;LerFrancesco-indirette;01-01-1800;31-12-2999;;;
000001;48;ADH Brugherio;01-01-1800;31-12-2999;LERFRA-IND;LerFrancesco-indirette;01-01-1800;31-12-2999;;;
000001;32;ASH Brugherio;01-01-1800;31-12-2999;LERSIL-DIR;LerSilvia-dirette;01-01-1800;31-12-2999;;;
000001;48;ADH Brugherio;01-01-1800;31-12-2999;LERSIL-DIR;LerSilvia-dirette;01-01-1800;31-12-2999;;;
000001;32;ASH Brugherio;01-01-1800;31-12-2999;LERSIL-IND;LerSilvia-indirette;01-01-1800;31-12-2999;;;
000001;48;ADH Brugherio;01-01-1800;31-12-2999;LERSIL-IND;LerSilvia-indirette;01-01-1800;31-12-2999;;;
000001;58;Monza;01-01-1800;31-12-2999;LINUS;LINUS;01-01-1800;31-12-2999;;;
000001;58;Monza;01-01-1800;31-12-2999;LOCMAT-DIR;LocMattia-dirette;01-01-1800;31-12-2999;;;
000001;58;Monza;01-01-1800;31-12-2999;LOCMAT-IND;LocMattia-indirette;01-01-1800;31-12-2999;;;
000001;58;Monza;01-01-1800;31-12-2999;LONCAR-DIR;LonCarlotta-dirette;01-01-1800;31-12-2999;;;
000001;58;Monza;01-01-1800;31-12-2999;LONCAR-IND;LonCarlotta-indirette;01-01-1800;31-12-2999;;;
000001;32;ASH Brugherio;01-01-1800;31-12-2999;LOPAGU-DIR;LopAguilaNicole-dirette;01-01-1800;31-12-2999;;;
000001;48;ADH Brugherio;01-01-1800;31-12-2999;LOPAGU-DIR;LopAguilaNicole-dirette;01-01-1800;31-12-2999;;;
000001;32;ASH Brugherio;01-01-1800;31-12-2999;LOPAGU-IND;LopAguilaNicole-indirette;01-01-1800;31-12-2999;;;
000001;48;ADH Brugherio;01-01-1800;31-12-2999;LOPAGU-IND;LopAguilaNicole-indirette;01-01-1800;31-12-2999;;;
000001;32;ASH Brugherio;01-01-1800;31-12-2999;LOSDAV-DIR;LosDavide-dirette;01-10-2017;31-12-2999;;;
000001;48;ADH Brugherio;01-01-1800;31-12-2999;LOSDAV-DIR;LosDavide-dirette;01-10-2017;31-12-2999;;;
000001;32;ASH Brugherio;01-01-1800;31-12-2999;LOSDAV-IND;LosDavide-indirette;01-10-2017;31-12-2999;;;
000001;48;ADH Brugherio;01-01-1800;31-12-2999;LOSDAV-IND;LosDavide-indirette;01-10-2017;31-12-2999;;;
000001;58;Monza;01-01-1800;31-12-2999;LOTEMA-DIR;LotEmanuele-dirette;01-01-1800;31-12-2999;;;
000001;58;Monza;01-01-1800;31-12-2999;LOTEMA-IND;LotEmanuele-indirette;01-01-1800;31-12-2999;;;
000001;32;ASH Brugherio;01-01-1800;31-12-2999;MAGGAB-DIR;MagGabriele-dirette;01-01-1800;31-12-2999;;;
000001;48;ADH Brugherio;01-01-1800;31-12-2999;MAGGAB-DIR;MagGabriele-dirette;01-01-1800;31-12-2999;;;
000001;32;ASH Brugherio;01-01-1800;31-12-2999;MAGGAB-IND;MagGabriele-indirette;01-01-1800;31-12-2999;;;
000001;48;ADH Brugherio;01-01-1800;31-12-2999;MAGGAB-IND;MagGabriele-indirette;01-01-1800;31-12-2999;;;
000001;32;ASH Brugherio;01-01-1800;31-12-2999;MAGMAT-DIR;MagMatteo-dirette;01-01-1800;31-12-2999;;;
000001;48;ADH Brugherio;01-01-1800;31-12-2999;MAGMAT-DIR;MagMatteo-dirette;01-01-1800;31-12-2999;;;
000001;32;ASH Brugherio;01-01-1800;31-12-2999;MAGMAT-IND;MagMatteo-indirette;01-01-1800;31-12-2999;;;
000001;48;ADH Brugherio;01-01-1800;31-12-2999;MAGMAT-IND;MagMatteo-indirette;01-01-1800;31-12-2999;;;
000001;32;ASH Brugherio;01-01-1800;31-12-2999;MAGSOF-DIR;MagSofia-dirette;01-01-1800;31-12-2999;;;
000001;48;ADH Brugherio;01-01-1800;31-12-2999;MAGSOF-DIR;MagSofia-dirette;01-01-1800;31-12-2999;;;
000001;32;ASH Brugherio;01-01-1800;31-12-2999;MAGSOF-IND;MagSofia-indirette;01-01-1800;31-12-2999;;;
000001;48;ADH Brugherio;01-01-1800;31-12-2999;MAGSOF-IND;MagSofia-indirette;01-01-1800;31-12-2999;;;
000001;32;ASH Brugherio;01-01-1800;31-12-2999;MAIGAB-DIR;MaiGabriele-dirette;01-01-1800;31-12-2999;;;
000001;48;ADH Brugherio;01-01-1800;31-12-2999;MAIGAB-DIR;MaiGabriele-dirette;01-01-1800;31-12-2999;;;
000001;32;ASH Brugherio;01-01-1800;31-12-2999;MAIGAB-IND;MaiGabriele-indirette;01-01-1800;31-12-2999;;;
000001;48;ADH Brugherio;01-01-1800;31-12-2999;MAIGAB-IND;MaiGabriele-indirette;01-01-1800;31-12-2999;;;
000001;58;Monza;01-01-1800;31-12-2999;MAKSAL-DIR;MakSaleh-dirette;01-01-1800;31-12-2999;;;
000001;58;Monza;01-01-1800;31-12-2999;MAKSAL-IND;MakSaleh-indirette;01-01-1800;31-12-2999;;;
000001;32;ASH Brugherio;01-01-1800;31-12-2999;MALDAN-DIR;MalDanilo-dirette;01-01-1800;31-12-2999;;;
000001;48;ADH Brugherio;01-01-1800;31-12-2999;MALDAN-DIR;MalDanilo-dirette;01-01-1800;31-12-2999;;;
000001;32;ASH Brugherio;01-01-1800;31-12-2999;MALDAN-IND;MalDanilo-indirette;01-01-1800;31-12-2999;;;
000001;48;ADH Brugherio;01-01-1800;31-12-2999;MALDAN-IND;MalDanilo-indirette;01-01-1800;31-12-2999;;;
000001;58;Monza;01-01-1800;31-12-2999;MALMAN-DIR;MalManuel-dirette;01-01-1800;31-12-2999;;;
000001;58;Monza;01-01-1800;31-12-2999;MALMAN-IND;MalManuel-indirette;01-01-1800;31-12-2999;;;
000001;32;ASH Brugherio;01-01-1800;31-12-2999;MAMSOF-DIR;MamSofia-dirette;01-01-1800;31-12-2999;;;
000001;48;ADH Brugherio;01-01-1800;31-12-2999;MAMSOF-DIR;MamSofia-dirette;01-01-1800;31-12-2999;;;
000001;32;ASH Brugherio;01-01-1800;31-12-2999;MAMSOF-IND;MamSofia-indirette;01-01-1800;31-12-2999;;;
000001;48;ADH Brugherio;01-01-1800;31-12-2999;MAMSOF-IND;MamSofia-indirette;01-01-1800;31-12-2999;;;
000001;32;ASH Brugherio;01-01-1800;31-12-2999;MANDAN-DIR;ManDaniele-dirette;01-01-1800;31-12-2999;;;
000001;48;ADH Brugherio;01-01-1800;31-12-2999;MANDAN-DIR;ManDaniele-dirette;01-01-1800;31-12-2999;;;
000001;32;ASH Brugherio;01-01-1800;31-12-2999;MANDAN-IND;ManDaniele-indirette;01-01-1800;31-12-2999;;;
000001;48;ADH Brugherio;01-01-1800;31-12-2999;MANDAN-IND;ManDaniele-indirette;01-01-1800;31-12-2999;;;
000001;32;ASH Brugherio;01-01-1800;31-12-2999;MARALE-DIR;MarAlex-dirette;01-01-1800;31-12-2999;;;
000001;48;ADH Brugherio;01-01-1800;31-12-2999;MARALE-DIR;MarAlex-dirette;01-01-1800;31-12-2999;;;
000001;32;ASH Brugherio;01-01-1800;31-12-2999;MARALE-IND;MarAlex-indirette;01-01-1800;31-12-2999;;;
000001;48;ADH Brugherio;01-01-1800;31-12-2999;MARALE-IND;MarAlex-indirette;01-01-1800;31-12-2999;;;
000001;32;ASH Brugherio;01-01-1800;31-12-2999;MARDIE-DIR;MarDiego-dirette;01-01-1800;31-12-2999;;;
000001;48;ADH Brugherio;01-01-1800;31-12-2999;MARDIE-DIR;MarDiego-dirette;01-01-1800;31-12-2999;;;
000001;32;ASH Brugherio;01-01-1800;31-12-2999;MARDIE-IND;MarDiego-indirette;01-01-1800;31-12-2999;;;
000001;48;ADH Brugherio;01-01-1800;31-12-2999;MARDIE-IND;MarDiego-indirette;01-01-1800;31-12-2999;;;
000001;32;ASH Brugherio;01-01-1800;31-12-2999;MARGAB-DIR;MarGabriel-dirette;01-01-1800;31-12-2999;;;
000001;48;ADH Brugherio;01-01-1800;31-12-2999;MARGAB-DIR;MarGabriel-dirette;01-01-1800;31-12-2999;;;
000001;32;ASH Brugherio;01-01-1800;31-12-2999;MARGAB-IND;MarGabriel-indirette;01-01-1800;31-12-2999;;;
000001;48;ADH Brugherio;01-01-1800;31-12-2999;MARGAB-IND;MarGabriel-indirette;01-01-1800;31-12-2999;;;
000001;58;Monza;01-01-1800;31-12-2999;MARGIU-DIR;MarGiulia-dirette;01-01-1800;31-12-2999;;;
000001;58;Monza;01-01-1800;31-12-2999;MARGIU-IND;MarGiulia-indirette;01-01-1800;31-12-2999;;;
000001;58;Monza;01-01-1800;31-12-2999;MARMAT-DIR;MarMatteo-dirette;01-01-1800;31-12-2999;;;
000001;58;Monza;01-01-1800;31-12-2999;MARMAT-IND;MarMatteo-indirette;01-01-1800;31-12-2999;;;
000001;58;Monza;01-01-1800;31-12-2999;MARMIR-DIR;MarMirko-dirette;01-01-1800;31-12-2999;;;
000001;58;Monza;01-01-1800;31-12-2999;MARMIR-IND;MarMirko-indirette;01-01-1800;31-12-2999;;;
000001;32;ASH Brugherio;01-01-1800;31-12-2999;MARPIE-DIR;MarPiergiorgio-dirette;01-01-1800;31-12-2999;;;
000001;48;ADH Brugherio;01-01-1800;31-12-2999;MARPIE-DIR;MarPiergiorgio-dirette;01-01-1800;31-12-2999;;;
000001;32;ASH Brugherio;01-01-1800;31-12-2999;MARPIE-IND;MarPiergiorgio-indirette;01-01-1800;31-12-2999;;;
000001;48;ADH Brugherio;01-01-1800;31-12-2999;MARPIE-IND;MarPiergiorgio-indirette;01-01-1800;31-12-2999;;;
000001;32;ASH Brugherio;01-01-1800;31-12-2999;MARSIM-DIR;MarSimone-dirette;01-01-1800;31-12-2999;;;
000001;48;ADH Brugherio;01-01-1800;31-12-2999;MARSIM-DIR;MarSimone-dirette;01-01-1800;31-12-2999;;;
000001;32;ASH Brugherio;01-01-1800;31-12-2999;MARTOM-DIR;MarTommaso-dirette;01-01-1800;31-12-2999;;;
000001;48;ADH Brugherio;01-01-1800;31-12-2999;MARTOM-DIR;MarTommaso-dirette;01-01-1800;31-12-2999;;;
000001;58;Monza;01-01-1800;31-12-2999;MASETH-DIR;MasEthan-dirette;01-01-1800;31-12-2999;;;
000001;58;Monza;01-01-1800;31-12-2999;MASETH-IND;MasEthan-indirette;01-01-1800;31-12-2999;;;
000001;32;ASH Brugherio;01-01-1800;31-12-2999;MASMAR-DIR;MasMarina-dirette;01-01-1800;31-12-2999;;;
000001;48;ADH Brugherio;01-01-1800;31-12-2999;MASMAR-DIR;MasMarina-dirette;01-01-1800;31-12-2999;;;
000001;32;ASH Brugherio;01-01-1800;31-12-2999;MASMAR-IND;MasMarina-indirette;01-01-1800;31-12-2999;;;
000001;48;ADH Brugherio;01-01-1800;31-12-2999;MASMAR-IND;MasMarina-indirette;01-01-1800;31-12-2999;;;
000001;32;ASH Brugherio;01-01-1800;31-12-2999;MATASM-DIR;MatAsma-dirette;01-01-1800;31-12-2999;;;
000001;48;ADH Brugherio;01-01-1800;31-12-2999;MATASM-DIR;MatAsma-dirette;01-01-1800;31-12-2999;;;
000001;32;ASH Brugherio;01-01-1800;31-12-2999;MATASM-IND;MatAsmaa-indirette;01-01-1800;31-12-2999;;;
000001;48;ADH Brugherio;01-01-1800;31-12-2999;MATASM-IND;MatAsmaa-indirette;01-01-1800;31-12-2999;;;
000001;32;ASH Brugherio;01-01-1800;31-12-2999;MATISH-DIR;MatIsha;01-01-1800;31-12-2999;;;
000001;48;ADH Brugherio;01-01-1800;31-12-2999;MATISH-DIR;MatIsha;01-01-1800;31-12-2999;;;
000001;32;ASH Brugherio;01-01-1800;31-12-2999;MATISH-IND;MatIsha-indirette;01-01-1800;31-12-2999;;;
000001;48;ADH Brugherio;01-01-1800;31-12-2999;MATISH-IND;MatIsha-indirette;01-01-1800;31-12-2999;;;
000001;32;ASH Brugherio;01-01-1800;31-12-2999;MATMAR-DIR;MatMarwa-dirette;01-01-1800;31-12-2999;;;
000001;48;ADH Brugherio;01-01-1800;31-12-2999;MATMAR-DIR;MatMarwa-dirette;01-01-1800;31-12-2999;;;
000001;32;ASH Brugherio;01-01-1800;31-12-2999;MATMAR-IND;MatMarwa-indirette;01-01-1800;31-12-2999;;;
000001;48;ADH Brugherio;01-01-1800;31-12-2999;MATMAR-IND;MatMarwa-indirette;01-01-1800;31-12-2999;;;
000001;32;ASH Brugherio;01-01-1800;31-12-2999;MAZIMA-DIR;MazImad-dirette;01-01-1800;31-12-2999;;;
000001;48;ADH Brugherio;01-01-1800;31-12-2999;MAZIMA-DIR;MazImad-dirette;01-01-1800;31-12-2999;;;
000001;32;ASH Brugherio;01-01-1800;31-12-2999;MAZIMA-IND;MazImad-indirette;01-01-1800;31-12-2999;;;
000001;48;ADH Brugherio;01-01-1800;31-12-2999;MAZIMA-IND;MazImad-indirette;01-01-1800;31-12-2999;;;
000001;32;ASH Brugherio;01-01-1800;31-12-2999;MERAMA-DIR;MerAmarildo-dirette;01-01-1800;31-12-2999;;;
000001;48;ADH Brugherio;01-01-1800;31-12-2999;MERAMA-DIR;MerAmarildo-dirette;01-01-1800;31-12-2999;;;
000001;32;ASH Brugherio;01-01-1800;31-12-2999;MERAMA-IND;MerAmarildo-indirette;01-01-1800;31-12-2999;;;
000001;48;ADH Brugherio;01-01-1800;31-12-2999;MERAMA-IND;MerAmarildo-indirette;01-01-1800;31-12-2999;;;
000001;58;Monza;01-01-1800;31-12-2999;MIGLEO-DIR;MigLeonardo-dirette;01-01-1800;31-12-2999;;;
000001;58;Monza;01-01-1800;31-12-2999;MIGLEO-IND;MgLeonardo-indirette;01-01-1800;31-12-2999;;;
000001;58;Monza;01-01-1800;31-12-2999;MILDAV-DIR;MilDavide-dirette;01-01-1800;31-12-2999;;;
000001;58;Monza;01-01-1800;31-12-2999;MILDAV-IND;MilDavide-indirette;01-01-1800;31-12-2999;;;
000001;58;Monza;01-01-1800;31-12-2999;MINIONS;MINIONS;01-01-1800;31-12-2999;;;
000001;58;Monza;01-01-1800;31-12-2999;MINMIC-DIR;MinMichele-dirette;01-01-1800;31-12-2999;;;
000001;58;Monza;01-01-1800;31-12-2999;MINMIC-IND;MinMichele-indirette;01-01-1800;31-12-2999;;;
000001;58;Monza;01-01-1800;31-12-2999;MIRBEN-DIR;MirBenito-dirette;01-01-1800;31-12-2999;;;
000001;58;Monza;01-01-1800;31-12-2999;MIRBEN-IND;MirBenito-indirette;01-01-1800;31-12-2999;;;
000001;32;ASH Brugherio;01-01-1800;31-12-2999;MIRFRA-DIR;MirFrancesco-dirette;01-01-1800;31-12-2999;;;
000001;48;ADH Brugherio;01-01-1800;31-12-2999;MIRFRA-DIR;MirFrancesco-dirette;01-01-1800;31-12-2999;;;
000001;32;ASH Brugherio;01-01-1800;31-12-2999;MIRFRA-IND;MirFrancesco-indirette;01-01-1800;31-12-2999;;;
000001;48;ADH Brugherio;01-01-1800;31-12-2999;MIRFRA-IND;MirFrancesco-indirette;01-01-1800;31-12-2999;;;
000001;58;Monza;01-01-1800;31-12-2999;MIRRAF-DIR;MirRaffaele-dirette;01-01-1800;31-12-2999;;;
000001;58;Monza;01-01-1800;31-12-2999;MIRRAF-IND;MirRaffaele-indirette;01-01-1800;31-12-2999;;;
000001;58;Monza;01-01-1800;31-12-2999;MOCJENN-DIR;MocJennifer-dirette;01-01-1800;31-12-2999;;;
000001;58;Monza;01-01-1800;31-12-2999;MOCJENN-IND;MocJennifer-indirette;01-01-1800;31-12-2999;;;
000001;32;ASH Brugherio;01-01-1800;31-12-2999;MODALI-DIR;ModAlice-dirette;01-01-1800;31-12-2999;;;
000001;48;ADH Brugherio;01-01-1800;31-12-2999;MODALI-DIR;ModAlice-dirette;01-01-1800;31-12-2999;;;
000001;32;ASH Brugherio;01-01-1800;31-12-2999;MODALI-IND;ModAlice-indirette;01-01-1800;31-12-2999;;;
000001;48;ADH Brugherio;01-01-1800;31-12-2999;MODALI-IND;ModAlice-indirette;01-01-1800;31-12-2999;;;
000001;32;ASH Brugherio;01-01-1800;31-12-2999;MODASI-DIR;ModAsia-dirette;01-01-1800;31-12-2999;;;
000001;48;ADH Brugherio;01-01-1800;31-12-2999;MODASI-DIR;ModAsia-dirette;01-01-1800;31-12-2999;;;
000001;32;ASH Brugherio;01-01-1800;31-12-2999;MODASI-IND;ModAsia-indirette;01-01-1800;31-12-2999;;;
000001;48;ADH Brugherio;01-01-1800;31-12-2999;MODASI-IND;ModAsia-indirette;01-01-1800;31-12-2999;;;
000001;58;Monza;01-01-1800;31-12-2999;MOIGIU-DIR;MoiGiulia-dirette;01-01-1800;31-12-2999;;;
000001;58;Monza;01-01-1800;31-12-2999;MOIGIU-IND;MoiGiulia-indirette;01-01-1800;31-12-2999;;;
000001;58;Monza;01-01-1800;31-12-2999;MOJSAI-DIR;MojSaima-dirette;01-01-1800;31-12-2999;;;
000001;58;Monza;01-01-1800;31-12-2999;MOJSAI-IND;MojSaima-indirette;01-01-1800;31-12-2999;;;
000001;58;Monza;01-01-1800;31-12-2999;MONANI-DIR;MonAnita-dirette;01-01-1800;31-12-2999;;;
000001;58;Monza;01-01-1800;31-12-2999;MONANI-IND;MonAnita-indirette;01-01-1800;31-12-2999;;;
000001;32;ASH Brugherio;01-01-1800;31-12-2999;MONCHR-DIR;MonChristian-dirette;01-01-1800;31-12-2999;;;
000001;48;ADH Brugherio;01-01-1800;31-12-2999;MONCHR-DIR;MonChristian-dirette;01-01-1800;31-12-2999;;;
000001;32;ASH Brugherio;01-01-1800;31-12-2999;MONCHR-IND;MonChristian-indirette;01-01-1800;31-12-2999;;;
000001;48;ADH Brugherio;01-01-1800;31-12-2999;MONCHR-IND;MonChristian-indirette;01-01-1800;31-12-2999;;;
000001;58;Monza;01-01-1800;31-12-2999;MONGAB-DIR;MonCovizziGabriel-dirette;01-01-1800;31-12-2999;;;
000001;58;Monza;01-01-1800;31-12-2999;MONGAB-IND;MonCovizziGabriel-indirette;01-01-1800;31-12-2999;;;
000001;32;ASH Brugherio;01-01-1800;31-12-2999;MURDAN-DIR;MurDaniele-dirette;01-01-1800;31-12-2999;;;
000001;48;ADH Brugherio;01-01-1800;31-12-2999;MURDAN-DIR;MurDaniele-dirette;01-01-1800;31-12-2999;;;
000001;32;ASH Brugherio;01-01-1800;31-12-2999;MURDAN-IND;MurDaniele-indirette;01-01-1800;31-12-2999;;;
000001;48;ADH Brugherio;01-01-1800;31-12-2999;MURDAN-IND;MurDaniele-indirette;01-01-1800;31-12-2999;;;
000001;32;ASH Brugherio;01-01-1800;31-12-2999;MUSGAB-DIR;MusGabriel-dirette;01-01-1800;31-12-2999;;;
000001;48;ADH Brugherio;01-01-1800;31-12-2999;MUSGAB-DIR;MusGabriel-dirette;01-01-1800;31-12-2999;;;
000001;32;ASH Brugherio;01-01-1800;31-12-2999;MUSGAB-IND;MusGabriel-indirette;01-01-1800;31-12-2999;;;
000001;48;ADH Brugherio;01-01-1800;31-12-2999;MUSGAB-IND;MusGabriel-indirette;01-01-1800;31-12-2999;;;
000001;32;ASH Brugherio;01-01-1800;31-12-2999;NAPRAI-DIR;NapRaimondo-dirette;01-01-1800;31-12-2999;;;
000001;48;ADH Brugherio;01-01-1800;31-12-2999;NAPRAI-DIR;NapRaimondo-dirette;01-01-1800;31-12-2999;;;
000001;32;ASH Brugherio;01-01-1800;31-12-2999;NAPRAI-IND;NapRaimondo-indirette;01-01-1800;31-12-2999;;;
000001;48;ADH Brugherio;01-01-1800;31-12-2999;NAPRAI-IND;NapRaimondo-indirette;01-01-1800;31-12-2999;;;
000001;58;Monza;01-01-1800;31-12-2999;NEZEMA-DIR;NezEmanuela-dirette;01-01-1800;31-12-2999;;;
000001;58;Monza;01-01-1800;31-12-2999;NEZEMA-IND;NezEmanuela-indirette;01-01-1800;31-12-2999;;;
000001;32;ASH Brugherio;01-01-1800;31-12-2999;NEZMAS-DIR;NezMassimo-dirette;01-01-1800;31-12-2999;;;
000001;48;ADH Brugherio;01-01-1800;31-12-2999;NEZMAS-DIR;NezMassimo-dirette;01-01-1800;31-12-2999;;;
000001;32;ASH Brugherio;01-01-1800;31-12-2999;NEZMAS-IND;NezMassimo-indirette;01-01-1800;31-12-2999;;;
000001;48;ADH Brugherio;01-01-1800;31-12-2999;NEZMAS-IND;NezMassimo-indirette;01-01-1800;31-12-2999;;;
000001;32;ASH Brugherio;01-01-1800;31-12-2999;NEZMAS-S-DIR;NezMassimo-sensoriale-dirette;01-01-1800;31-12-2999;;;
000001;48;ADH Brugherio;01-01-1800;31-12-2999;NEZMAS-S-DIR;NezMassimo-sensoriale-dirette;01-01-1800;31-12-2999;;;
000001;32;ASH Brugherio;01-01-1800;31-12-2999;NICCHR-DIR;NicChristian-dirette;01-01-1800;31-12-2999;;;
000001;48;ADH Brugherio;01-01-1800;31-12-2999;NICCHR-DIR;NicChristian-dirette;01-01-1800;31-12-2999;;;
000001;32;ASH Brugherio;01-01-1800;31-12-2999;NICCHR-IND;NicChristian-indirette;01-01-1800;31-12-2999;;;
000001;48;ADH Brugherio;01-01-1800;31-12-2999;NICCHR-IND;NicChristian-indirette;01-01-1800;31-12-2999;;;
000001;32;ASH Brugherio;01-01-1800;31-12-2999;NICGAB-DIR;NicGabriele-dirette;01-01-1800;31-12-2999;;;
000001;48;ADH Brugherio;01-01-1800;31-12-2999;NICGAB-DIR;NicGabriele-dirette;01-01-1800;31-12-2999;;;
000001;32;ASH Brugherio;01-01-1800;31-12-2999;NICGAB-IND;NicGabriele-indirette;01-01-1800;31-12-2999;;;
000001;48;ADH Brugherio;01-01-1800;31-12-2999;NICGAB-IND;NicGabriele-indirette;01-01-1800;31-12-2999;;;
000001;58;Monza;01-01-1800;31-12-2999;OTHNAI-DIR;OthNaira-dirette;01-01-1800;31-12-2999;;;
000001;58;Monza;01-01-1800;31-12-2999;OTHNAI-IND;OthNaira-indirette;01-01-1800;31-12-2999;;;
000001;58;Monza;01-01-1800;31-12-2999;PAGLOR-DIR;PagLorenzo-dirette;01-01-1800;31-12-2999;;;
000001;58;Monza;01-01-1800;31-12-2999;PAGLOR-IND;PagLorenzo-indirette;01-01-1800;31-12-2999;;;
000001;32;ASH Brugherio;01-01-1800;31-12-2999;PALANT-DIR;PalAntony-dirette;01-01-1800;31-12-2999;;;
000001;48;ADH Brugherio;01-01-1800;31-12-2999;PALANT-DIR;PalAntony-dirette;01-01-1800;31-12-2999;;;
000001;32;ASH Brugherio;01-01-1800;31-12-2999;PALANT-IND;PalAntony-indirette;01-01-1800;31-12-2999;;;
000001;48;ADH Brugherio;01-01-1800;31-12-2999;PALANT-IND;PalAntony-indirette;01-01-1800;31-12-2999;;;
000001;32;ASH Brugherio;01-01-1800;31-12-2999;PALMAN-DIR;PalManuele-dirette;01-01-1800;31-12-2999;;;
000001;48;ADH Brugherio;01-01-1800;31-12-2999;PALMAN-DIR;PalManuele-dirette;01-01-1800;31-12-2999;;;
000001;32;ASH Brugherio;01-01-1800;31-12-2999;PALMAN-IND;PalManuele-indirette;01-01-1800;31-12-2999;;;
000001;48;ADH Brugherio;01-01-1800;31-12-2999;PALMAN-IND;PalManuele-indirette;01-01-1800;31-12-2999;;;
000001;32;ASH Brugherio;01-01-1800;31-12-2999;PALNIC-DIR;PalNicholas-dirette;01-01-1800;31-12-2999;;;
000001;48;ADH Brugherio;01-01-1800;31-12-2999;PALNIC-DIR;PalNicholas-dirette;01-01-1800;31-12-2999;;;
000001;32;ASH Brugherio;01-01-1800;31-12-2999;PALNIC-IND;PalNicholas-indirette;01-01-1800;31-12-2999;;;
000001;48;ADH Brugherio;01-01-1800;31-12-2999;PALNIC-IND;PalNicholas-indirette;01-01-1800;31-12-2999;;;
000001;32;ASH Brugherio;01-01-1800;31-12-2999;PARALE-DIR;ParAlessandro-dirette;01-01-1800;31-12-2999;;;
000001;48;ADH Brugherio;01-01-1800;31-12-2999;PARALE-DIR;ParAlessandro-dirette;01-01-1800;31-12-2999;;;
000001;32;ASH Brugherio;01-01-1800;31-12-2999;PARALE-IND;ParAlessandro-indirette;01-01-1800;31-12-2999;;;
000001;48;ADH Brugherio;01-01-1800;31-12-2999;PARALE-IND;ParAlessandro-indirette;01-01-1800;31-12-2999;;;
000001;58;Monza;01-01-1800;31-12-2999;PATFED-DIR;PatFederico-dirette;01-01-1800;31-12-2999;;;
000001;58;Monza;01-01-1800;31-12-2999;PATFED-IND;PatFederico-indirette;01-01-1800;31-12-2999;;;
000001;32;ASH Brugherio;01-01-1800;31-12-2999;PEDCEC-DIR;PedCecilia-dirette;01-01-1800;31-12-2999;;;
000001;48;ADH Brugherio;01-01-1800;31-12-2999;PEDCEC-DIR;PedCecilia-dirette;01-01-1800;31-12-2999;;;
000001;32;ASH Brugherio;01-01-1800;31-12-2999;PEDCEC-IND;PedCecilia-indirette;01-01-1800;31-12-2999;;;
000001;48;ADH Brugherio;01-01-1800;31-12-2999;PEDCEC-IND;PedCecilia-indirette;01-01-1800;31-12-2999;;;
000001;58;Monza;01-01-1800;31-12-2999;PELAUR-DIR;PelAurora-dirette;01-01-1800;31-12-2999;;;
000001;58;Monza;01-01-1800;31-12-2999;PELAUR-IND;PelAurora-indirette;01-01-1800;31-12-2999;;;
000001;32;ASH Brugherio;01-01-1800;31-12-2999;PERALE-DIR;PerAlessandro-dirette;01-01-1800;31-12-2999;;;
000001;48;ADH Brugherio;01-01-1800;31-12-2999;PERALE-DIR;PerAlessandro-dirette;01-01-1800;31-12-2999;;;
000001;32;ASH Brugherio;01-01-1800;31-12-2999;PERALE-IND;PerAlessandro-indirette;01-01-1800;31-12-2999;;;
000001;48;ADH Brugherio;01-01-1800;31-12-2999;PERALE-IND;PerAlessandro-indirette;01-01-1800;31-12-2999;;;
000001;58;Monza;01-01-1800;31-12-2999;PESANN-DIR;PesAnnamaria-dirette;01-01-1800;31-12-2999;;;
000001;58;Monza;01-01-1800;31-12-2999;PESANN-IND;PesAnnamaria-indirette;01-01-1800;31-12-2999;;;
000001;58;Monza;01-01-1800;31-12-2999;PEZTER-DIR;PezTeresa-dirette;01-01-1800;31-12-2999;;;
000001;58;Monza;01-01-1800;31-12-2999;PEZTER-IND;PezTeresa-indirette;01-01-1800;31-12-2999;;;
000001;58;Monza;01-01-1800;31-12-2999;PIAFRA-DIR;PiaFrancesco-dirette;01-01-1800;31-12-2999;;;
000001;58;Monza;01-01-1800;31-12-2999;PIAFRA-IND;PiaFrancesco-indirette;01-01-1800;31-12-2999;;;
000001;32;ASH Brugherio;01-01-1800;31-12-2999;PIRFED-DIR;PirFederico-dirette;01-01-1800;31-12-2999;;;
000001;48;ADH Brugherio;01-01-1800;31-12-2999;PIRFED-DIR;PirFederico-dirette;01-01-1800;31-12-2999;;;
000001;32;ASH Brugherio;01-01-1800;31-12-2999;PIRFED-IND;PirFederico-indirette;01-01-1800;31-12-2999;;;
000001;48;ADH Brugherio;01-01-1800;31-12-2999;PIRFED-IND;PirFederico-indirette;01-01-1800;31-12-2999;;;
000001;32;ASH Brugherio;01-01-1800;31-12-2999;PISANA-DIR;PisAnastasia-dirette;01-01-1800;31-12-2999;;;
000001;48;ADH Brugherio;01-01-1800;31-12-2999;PISANA-DIR;PisAnastasia-dirette;01-01-1800;31-12-2999;;;
000001;32;ASH Brugherio;01-01-1800;31-12-2999;PISANA-IND;PisAnastasia-indirette;01-01-1800;31-12-2999;;;
000001;48;ADH Brugherio;01-01-1800;31-12-2999;PISANA-IND;PisAnastasia-indirette;01-01-1800;31-12-2999;;;
000001;58;Monza;01-01-1800;31-12-2999;PISCCR-DIR;PisCristiana;01-01-1800;31-12-2999;;;
000001;58;Monza;01-01-1800;31-12-2999;PISCCR-IND;PisCristiana;01-01-1800;31-12-2999;;;
000001;32;ASH Brugherio;01-01-1800;31-12-2999;PISCRI-DIR;PisCristiana-dirette;01-01-1800;31-12-2999;;;
000001;48;ADH Brugherio;01-01-1800;31-12-2999;PISCRI-DIR;PisCristiana-dirette;01-01-1800;31-12-2999;;;
000001;32;ASH Brugherio;01-01-1800;31-12-2999;PISCRI-IND;PisCristiana-indirette;01-01-1800;31-12-2999;;;
000001;48;ADH Brugherio;01-01-1800;31-12-2999;PISCRI-IND;PisCristiana-indirette;01-01-1800;31-12-2999;;;
000001;32;ASH Brugherio;01-01-1800;31-12-2999;PISNOE-DIR;PisNoemi-dirette;01-01-1800;31-12-2999;;;
000001;48;ADH Brugherio;01-01-1800;31-12-2999;PISNOE-DIR;PisNoemi-dirette;01-01-1800;31-12-2999;;;
000001;32;ASH Brugherio;01-01-1800;31-12-2999;PISNOE-IND;PisNoemi-indirette;01-01-1800;31-12-2999;;;
000001;48;ADH Brugherio;01-01-1800;31-12-2999;PISNOE-IND;PisNoemi-indirette;01-01-1800;31-12-2999;;;
000001;58;Monza;01-01-1800;31-12-2999;PIZDIE-DIR;PizDiego-dirette;01-01-1800;31-12-2999;;;
000001;58;Monza;01-01-1800;31-12-2999;PIZDIG-IND;PizziniDiego-indirette;01-01-1800;31-12-2999;;;
000001;58;Monza;01-01-1800;31-12-2999;POLO GAIA-DIR;POLO GAIA (mb-cb-gr);01-01-1800;31-12-2999;;;
000001;58;Monza;01-01-1800;31-12-2999;POLO GAIA-IND;POLO GAIA (mb-cb-gr)-indirette;01-01-1800;31-12-2999;;;
000001;58;Monza;01-01-1800;31-12-2999;PULCHI-DIR;PulChiara-dirette;01-01-1800;31-12-2999;;;
000001;58;Monza;01-01-1800;31-12-2999;PULCHI-IND;PulChiara-indirette;01-01-1800;31-12-2999;;;
000001;58;Monza;01-01-1800;31-12-2999;RADGAB-DIR;RadGabriel-dirette;01-01-1800;31-12-2999;;;
000001;58;Monza;01-01-1800;31-12-2999;RADGAB-IND;RadGabriel-indirette;01-01-1800;31-12-2999;;;
000001;32;ASH Brugherio;01-01-1800;31-12-2999;RADMAT-DIR;RadMatteo-dirette;01-01-1800;31-12-2999;;;
000001;48;ADH Brugherio;01-01-1800;31-12-2999;RADMAT-DIR;RadMatteo-dirette;01-01-1800;31-12-2999;;;
000001;32;ASH Brugherio;01-01-1800;31-12-2999;RADMAT-IND;RadMatteo-indirette;01-01-1800;31-12-2999;;;
000001;48;ADH Brugherio;01-01-1800;31-12-2999;RADMAT-IND;RadMatteo-indirette;01-01-1800;31-12-2999;;;
000001;58;Monza;01-01-1800;31-12-2999;RAHMAH-DIR;RahMahmadur-dirette;01-01-1800;31-12-2999;;;
000001;58;Monza;01-01-1800;31-12-2999;RAHMAH-IND;RahMahmadur-indirette;01-01-1800;31-12-2999;;;
000001;58;Monza;01-01-1800;31-12-2999;RAHRAY-DIR;RahRayan-dirette;01-01-1800;31-12-2999;;;
000001;58;Monza;01-01-1800;31-12-2999;RAHRAY-IND;RahRayan-indirette;01-01-1800;31-12-2999;;;
000001;58;Monza;01-01-1800;31-12-2999;RAHRYA-DIR;RahRyan-dirette;01-01-1800;31-12-2999;;;
000001;58;Monza;01-01-1800;31-12-2999;RAHRYA-IND;RahRyan-indirette;01-01-1800;31-12-2999;;;
000001;58;Monza;01-01-1800;31-12-2999;RAKCHI-DIR;RakChiara-dirette;01-01-1800;31-12-2999;;;
000001;58;Monza;01-01-1800;31-12-2999;RAKCHI-IND;RakChiara-indirette;01-01-1800;31-12-2999;;;
000001;58;Monza;01-01-1800;31-12-2999;RAMGIO-DIR;RamReaGiorgio-dirette;01-01-1800;31-12-2999;;;
000001;58;Monza;01-01-1800;31-12-2999;RAMGIO-IND;RamReaGiorgio-indirette;01-01-1800;31-12-2999;;;
000001;58;Monza;01-01-1800;31-12-2999;RAUGIA-DIR;RauGiacomo-dirette;01-01-1800;31-12-2999;;;
000001;58;Monza;01-01-1800;31-12-2999;RAUGIA-IND;RauGiacomo-indirette;01-01-1800;31-12-2999;;;
000001;58;Monza;01-01-1800;31-12-2999;REAGIO-DIR;ReaRGiorgio-dirette;01-01-1800;31-12-2999;;;
000001;58;Monza;01-01-1800;31-12-2999;REAGIO-IND;ReaRGiorgio-indirette;01-01-1800;31-12-2999;;;
000001;58;Monza;01-01-1800;31-12-2999;REALOR-DIR;ReaILoredana-dirette;01-01-1800;31-12-2999;;;
000001;58;Monza;01-01-1800;31-12-2999;REALOR-IND;ReaILoredana-indirette;01-01-1800;31-12-2999;;;
000001;58;Monza;01-01-1800;31-12-2999;REDGAB-DIR;RedGabriel-dirette;01-01-1800;31-12-2999;;;
000001;58;Monza;01-01-1800;31-12-2999;REDGAB-IND;RedGabriel-indirette;01-01-1800;31-12-2999;;;
000001;58;Monza;01-01-1800;31-12-2999;RESMAN-DIR;ResManuel-dirette;01-01-1800;31-12-2999;;;
000001;58;Monza;01-01-1800;31-12-2999;RESMAN-IND;ResManuel-indirette;01-01-1800;31-12-2999;;;
000001;58;Monza;01-01-1800;31-12-2999;RIGELI-DIR;RigElia-dirette;01-01-1800;31-12-2999;;;
000001;58;Monza;01-01-1800;31-12-2999;RIGELI-IND;RigElia-indirette;01-01-1800;31-12-2999;;;
000001;32;ASH Brugherio;01-01-1800;31-12-2999;RIPANNA-DIR;RipAnna-dirette;01-01-1800;31-12-2999;;;
000001;48;ADH Brugherio;01-01-1800;31-12-2999;RIPANNA-DIR;RipAnna-dirette;01-01-1800;31-12-2999;;;
000001;32;ASH Brugherio;01-01-1800;31-12-2999;RIPANN-IND;RipAnna-indirette;01-01-1800;31-12-2999;;;
000001;48;ADH Brugherio;01-01-1800;31-12-2999;RIPANN-IND;RipAnna-indirette;01-01-1800;31-12-2999;;;
000001;32;ASH Brugherio;01-01-1800;31-12-2999;RIPGAI-DIR;RipGaia;01-01-1800;31-12-2999;;;
000001;48;ADH Brugherio;01-01-1800;31-12-2999;RIPGAI-DIR;RipGaia;01-01-1800;31-12-2999;;;
000001;32;ASH Brugherio;01-01-1800;31-12-2999;RIPGAI-IND;RipGaia-indirette;01-01-1800;31-12-2999;;;
000001;48;ADH Brugherio;01-01-1800;31-12-2999;RIPGAI-IND;RipGaia-indirette;01-01-1800;31-12-2999;;;
000001;58;Monza;01-01-1800;31-12-2999;RISTHO-DIR;RisThomas-dirette;01-01-1800;31-12-2999;;;
000001;58;Monza;01-01-1800;31-12-2999;RISTHO-IND;RisThomas-indirette;01-01-1800;31-12-2999;;;
000001;32;ASH Brugherio;01-01-1800;31-12-2999;ROMLUCA-DIR;RomLuca-dirette;01-01-1800;31-12-2999;;;
000001;48;ADH Brugherio;01-01-1800;31-12-2999;ROMLUCA-DIR;RomLuca-dirette;01-01-1800;31-12-2999;;;
000001;32;ASH Brugherio;01-01-1800;31-12-2999;ROMLUCA-IND;RomLuca-indirette;01-01-1800;31-12-2999;;;
000001;48;ADH Brugherio;01-01-1800;31-12-2999;ROMLUCA-IND;RomLuca-indirette;01-01-1800;31-12-2999;;;
000001;32;ASH Brugherio;01-01-1800;31-12-2999;ROSDAF-DIR;RosDafny-dirette;01-01-1800;31-12-2999;;;
000001;48;ADH Brugherio;01-01-1800;31-12-2999;ROSDAF-DIR;RosDafny-dirette;01-01-1800;31-12-2999;;;
000001;32;ASH Brugherio;01-01-1800;31-12-2999;ROSDAF-IND;RosDafny-indirette;01-01-1800;31-12-2999;;;
000001;48;ADH Brugherio;01-01-1800;31-12-2999;ROSDAF-IND;RosDafny-indirette;01-01-1800;31-12-2999;;;
000001;32;ASH Brugherio;01-01-1800;31-12-2999;ROSMAT-DIR;RosMattia-dirette;01-01-1800;31-12-2999;;;
000001;48;ADH Brugherio;01-01-1800;31-12-2999;ROSMAT-DIR;RosMattia-dirette;01-01-1800;31-12-2999;;;
000001;32;ASH Brugherio;01-01-1800;31-12-2999;ROSMAT-IND;RosMattia-indirette;01-01-1800;31-12-2999;;;
000001;48;ADH Brugherio;01-01-1800;31-12-2999;ROSMAT-IND;RosMattia-indirette;01-01-1800;31-12-2999;;;
000001;32;ASH Brugherio;01-01-1800;31-12-2999;RUSDIE-DIR;RusDiego-dirette;01-01-1800;31-12-2999;;;
000001;48;ADH Brugherio;01-01-1800;31-12-2999;RUSDIE-DIR;RusDiego-dirette;01-01-1800;31-12-2999;;;
000001;32;ASH Brugherio;01-01-1800;31-12-2999;RUSDIE-IND;RusDiego-indirette;01-01-1800;31-12-2999;;;
000001;48;ADH Brugherio;01-01-1800;31-12-2999;RUSDIE-IND;RusDiego-indirette;01-01-1800;31-12-2999;;;
000001;32;ASH Brugherio;01-01-1800;31-12-2999;RUSGAB-DIR;RusGabriele-dirette;01-01-1800;31-12-2999;;;
000001;48;ADH Brugherio;01-01-1800;31-12-2999;RUSGAB-DIR;RusGabriele-dirette;01-01-1800;31-12-2999;;;
000001;32;ASH Brugherio;01-01-1800;31-12-2999;RUSGAB-IND;RusGabriele-indirette;01-01-1800;31-12-2999;;;
000001;48;ADH Brugherio;01-01-1800;31-12-2999;RUSGAB-IND;RusGabriele-indirette;01-01-1800;31-12-2999;;;
000001;58;Monza;01-01-1800;31-12-2999;RYAADM-DIR;RyaAdmani-dirette;01-01-1800;31-12-2999;;;
000001;58;Monza;01-01-1800;31-12-2999;RYAADM-IND;RyaAdmani-indirette;01-01-1800;31-12-2999;;;
000001;58;Monza;01-01-1800;31-12-2999;RYAEDD-DIR;RyaEddmani-dirette;01-01-1800;31-12-2999;;;
000001;58;Monza;01-01-1800;31-12-2999;RYAEDD-IND;RyaEddmani-indirette;01-01-1800;31-12-2999;;;
000001;58;Monza;01-01-1800;31-12-2999;SALAL2-DIR;SalAlessandro2-dirette;01-01-1800;31-12-2999;;;
000001;58;Monza;01-01-1800;31-12-2999;SALAL2-IND;SalAlessandro2-indirette;01-01-1800;31-12-2999;;;
000001;58;Monza;01-01-1800;31-12-2999;SALALE-DIR;SalAlessandroMassimo-dirette;01-01-1800;31-12-2999;;;
000001;58;Monza;01-01-1800;31-12-2999;SALALE-IND;SalAlessandroMassimo-indirette;01-01-1800;31-12-2999;;;
000001;32;ASH Brugherio;01-01-1800;31-12-2999;SALEMA-DIR;SalEmanuele-dirette;01-01-1800;31-12-2999;;;
000001;48;ADH Brugherio;01-01-1800;31-12-2999;SALEMA-DIR;SalEmanuele-dirette;01-01-1800;31-12-2999;;;
000001;32;ASH Brugherio;01-01-1800;31-12-2999;SALEMA-IND;SalEmanuele-indirette;01-01-1800;31-12-2999;;;
000001;48;ADH Brugherio;01-01-1800;31-12-2999;SALEMA-IND;SalEmanuele-indirette;01-01-1800;31-12-2999;;;
000001;32;ASH Brugherio;01-01-1800;31-12-2999;SALLEO-DIR;SalLeonardo-dirette;01-01-1800;31-12-2999;;;
000001;48;ADH Brugherio;01-01-1800;31-12-2999;SALLEO-DIR;SalLeonardo-dirette;01-01-1800;31-12-2999;;;
000001;32;ASH Brugherio;01-01-1800;31-12-2999;SALLEO-IND;SalLeonardo-indirette;01-01-1800;31-12-2999;;;
000001;48;ADH Brugherio;01-01-1800;31-12-2999;SALLEO-IND;SalLeonardo-indirette;01-01-1800;31-12-2999;;;
000001;58;Monza;01-01-1800;31-12-2999;SALMAC-DIR;SalMacram-dirette;01-01-1800;31-12-2999;;;
000001;58;Monza;01-01-1800;31-12-2999;SALMAC-IND;SalMacram-indirette;01-01-1800;31-12-2999;;;
000001;32;ASH Brugherio;01-01-1800;31-12-2999;SARGAB-DIR;SarGabriel-dirette;01-01-1800;31-12-2999;;;
000001;48;ADH Brugherio;01-01-1800;31-12-2999;SARGAB-DIR;SarGabriel-dirette;01-01-1800;31-12-2999;;;
000001;32;ASH Brugherio;01-01-1800;31-12-2999;SARGAB-IND;SarGabriel-indirette;01-01-1800;31-12-2999;;;
000001;48;ADH Brugherio;01-01-1800;31-12-2999;SARGAB-IND;SarGabriel-indirette;01-01-1800;31-12-2999;;;
000001;32;ASH Brugherio;01-01-1800;31-12-2999;SCAGAB-DIR;ScaGabriele-dirette;01-01-1800;31-12-2999;;;
000001;48;ADH Brugherio;01-01-1800;31-12-2999;SCAGAB-DIR;ScaGabriele-dirette;01-01-1800;31-12-2999;;;
000001;32;ASH Brugherio;01-01-1800;31-12-2999;SCAGAB-IND;ScaGabriele-indirette;01-01-1800;31-12-2999;;;
000001;48;ADH Brugherio;01-01-1800;31-12-2999;SCAGAB-IND;ScaGabriele-indirette;01-01-1800;31-12-2999;;;
000001;32;ASH Brugherio;01-01-1800;31-12-2999;SCAMAR-DIR;ScaMartin-dirette;28-05-2019;31-12-2999;;;
000001;48;ADH Brugherio;01-01-1800;31-12-2999;SCAMAR-DIR;ScaMartin-dirette;28-05-2019;31-12-2999;;;
000001;32;ASH Brugherio;01-01-1800;31-12-2999;SCAMAR-IND;ScaMartin-indirette;28-05-2019;31-12-2999;;;
000001;48;ADH Brugherio;01-01-1800;31-12-2999;SCAMAR-IND;ScaMartin-indirette;28-05-2019;31-12-2999;;;
000001;32;ASH Brugherio;01-01-1800;31-12-2999;SCAMAT-DIR;ScaMattia-dirette;01-01-1800;31-12-2999;;;
000001;48;ADH Brugherio;01-01-1800;31-12-2999;SCAMAT-DIR;ScaMattia-dirette;01-01-1800;31-12-2999;;;
000001;32;ASH Brugherio;01-01-1800;31-12-2999;SCAMAT-IND;ScaMattia-indirette;01-01-1800;31-12-2999;;;
000001;48;ADH Brugherio;01-01-1800;31-12-2999;SCAMAT-IND;ScaMattia-indirette;01-01-1800;31-12-2999;;;
000001;32;ASH Brugherio;01-01-1800;31-12-2999;SCIAND-DIR;SciAndrea-dirette;01-10-2017;31-12-2999;;;
000001;48;ADH Brugherio;01-01-1800;31-12-2999;SCIAND-DIR;SciAndrea-dirette;01-10-2017;31-12-2999;;;
000001;32;ASH Brugherio;01-01-1800;31-12-2999;SCIAND-IND;SciAndrea-indirette;01-10-2017;31-12-2999;;;
000001;48;ADH Brugherio;01-01-1800;31-12-2999;SCIAND-IND;SciAndrea-indirette;01-10-2017;31-12-2999;;;
000001;32;ASH Brugherio;01-01-1800;31-12-2999;SCOGIO-DIR;ScoGiorgia-dirette;01-01-1800;31-12-2999;;;
000001;48;ADH Brugherio;01-01-1800;31-12-2999;SCOGIO-DIR;ScoGiorgia-dirette;01-01-1800;31-12-2999;;;
000001;32;ASH Brugherio;01-01-1800;31-12-2999;SCOGIO-IND;ScoGiorgia-indirette;01-01-1800;31-12-2999;;;
000001;48;ADH Brugherio;01-01-1800;31-12-2999;SCOGIO-IND;ScoGiorgia-indirette;01-01-1800;31-12-2999;;;
000001;32;ASH Brugherio;01-01-1800;31-12-2999;SCOMAT-DIR;ScoMatteo-dirette;01-01-1800;31-12-2999;;;
000001;48;ADH Brugherio;01-01-1800;31-12-2999;SCOMAT-DIR;ScoMatteo-dirette;01-01-1800;31-12-2999;;;
000001;32;ASH Brugherio;01-01-1800;31-12-2999;SCOMAT-IND;ScoMatteo-indirette;01-01-1800;31-12-2999;;;
000001;48;ADH Brugherio;01-01-1800;31-12-2999;SCOMAT-IND;ScoMatteo-indirette;01-01-1800;31-12-2999;;;
000001;58;Monza;01-01-1800;31-12-2999;SIGERN-DIR;SigErnesto-dirette;01-01-1800;31-12-2999;;;
000001;58;Monza;01-01-1800;31-12-2999;SIGERN-IND;SigErnesto-indirette;01-01-1800;31-12-2999;;;
000001;32;ASH Brugherio;01-01-1800;31-12-2999;SIVMAT-DIR;SivMattia-dirette;01-01-1800;31-12-2999;;;
000001;48;ADH Brugherio;01-01-1800;31-12-2999;SIVMAT-DIR;SivMattia-dirette;01-01-1800;31-12-2999;;;
000001;32;ASH Brugherio;01-01-1800;31-12-2999;SIVMAT-IND;SivMattia-indirette;01-01-1800;31-12-2999;;;
000001;48;ADH Brugherio;01-01-1800;31-12-2999;SIVMAT-IND;SivMattia-indirette;01-01-1800;31-12-2999;;;
000001;58;Monza;01-01-1800;31-12-2999;SKIFRA-DIR;SkiFrancesca-dirette;01-01-1800;31-12-2999;;;
000001;58;Monza;01-01-1800;31-12-2999;SKIFRA-IND;SkiFrancesca-indirette;01-01-1800;31-12-2999;;;
000001;58;Monza;01-01-1800;31-12-2999;SMEMAN-DIR;SmeManuel-dirette;01-01-1800;31-12-2999;;;
000001;58;Monza;01-01-1800;31-12-2999;SMEMAN-IND;SmeManuel-indirette;01-01-1800;31-12-2999;;;
000001;58;Monza;01-01-1800;31-12-2999;SOLLUC-DIR;SolLuca-dirette;01-01-1800;31-12-2999;;;
000001;58;Monza;01-01-1800;31-12-2999;SOLLUC-IND;SolLuca-indirette;01-01-1800;31-12-2999;;;
000001;32;ASH Brugherio;01-01-1800;31-12-2999;SPAAGR-DIR;SpazioAggregativo-dirette;01-01-1800;31-12-2999;;;
000001;48;ADH Brugherio;01-01-1800;31-12-2999;SPAAGR-DIR;SpazioAggregativo-dirette;01-01-1800;31-12-2999;;;
000001;32;ASH Brugherio;01-01-1800;31-12-2999;SPAAGR-IND;SpazioAggregativo;01-01-1800;31-12-2999;;;
000001;48;ADH Brugherio;01-01-1800;31-12-2999;SPAAGR-IND;SpazioAggregativo;01-01-1800;31-12-2999;;;
000001;32;ASH Brugherio;01-01-1800;31-12-2999;SPALID-DIR;SpaLidia-dirette;01-01-1800;31-12-2999;;;
000001;48;ADH Brugherio;01-01-1800;31-12-2999;SPALID-DIR;SpaLidia-dirette;01-01-1800;31-12-2999;;;
000001;32;ASH Brugherio;01-01-1800;31-12-2999;SPALID-IND;SpaLidia-indirette;01-01-1800;31-12-2999;;;
000001;48;ADH Brugherio;01-01-1800;31-12-2999;SPALID-IND;SpaLidia-indirette;01-01-1800;31-12-2999;;;
000001;32;ASH Brugherio;01-01-1800;31-12-2999;SPAMAN-DIR;SpaManuel-dirette;01-01-1800;31-12-2999;;;
000001;48;ADH Brugherio;01-01-1800;31-12-2999;SPAMAN-DIR;SpaManuel-dirette;01-01-1800;31-12-2999;;;
000001;32;ASH Brugherio;01-01-1800;31-12-2999;SPAMAN-IND;SpaManuel-indirette;01-01-1800;31-12-2999;;;
000001;48;ADH Brugherio;01-01-1800;31-12-2999;SPAMAN-IND;SpaManuel-indirette;01-01-1800;31-12-2999;;;
000001;32;ASH Brugherio;01-01-1800;31-12-2999;SPIBRU-DIR;SpiBruno-dirette;01-01-1800;31-12-2999;;;
000001;48;ADH Brugherio;01-01-1800;31-12-2999;SPIBRU-DIR;SpiBruno-dirette;01-01-1800;31-12-2999;;;
000001;32;ASH Brugherio;01-01-1800;31-12-2999;SPIBRU-IND;SpiBruno-indirette;01-01-1800;31-12-2999;;;
000001;48;ADH Brugherio;01-01-1800;31-12-2999;SPIBRU-IND;SpiBruno-indirette;01-01-1800;31-12-2999;;;
000001;58;Monza;01-01-1800;31-12-2999;STRMIK-DIR;StrMikhail-dirette;01-01-1800;31-12-2999;;;
000001;58;Monza;01-01-1800;31-12-2999;STRMIK-IND;StrMikhail-indirette;01-01-1800;31-12-2999;;;
000001;58;Monza;01-01-1800;31-12-2999;TALNOE-DIR;TalNoemi-dirette;01-01-1800;31-12-2999;;;
000001;58;Monza;01-01-1800;31-12-2999;TALNOE-IND;TalNoemi-indirette;01-01-1800;31-12-2999;;;
000001;58;Monza;01-01-1800;31-12-2999;TASIAC-DIR;TasIacopo-dirette;01-01-1800;31-12-2999;;;
000001;58;Monza;01-01-1800;31-12-2999;TASIAC-IND;TasIacopo-indirette;01-01-1800;31-12-2999;;;
000001;58;Monza;01-01-1800;31-12-2999;TILROB-DIR;TilRoberto-dirette;01-01-1800;31-12-2999;;;
000001;58;Monza;01-01-1800;31-12-2999;TILROB-IND;TilRoberto-indirette;01-01-1800;31-12-2999;;;
000001;32;ASH Brugherio;01-01-1800;31-12-2999;TINMAR-DIR;TinMarco-dirette;01-01-1800;31-12-2999;;;
000001;48;ADH Brugherio;01-01-1800;31-12-2999;TINMAR-DIR;TinMarco-dirette;01-01-1800;31-12-2999;;;
000001;32;ASH Brugherio;01-01-1800;31-12-2999;TINMAR-IND;TinMarco-indirette;01-01-1800;31-12-2999;;;
000001;48;ADH Brugherio;01-01-1800;31-12-2999;TINMAR-IND;TinMarco-indirette;01-01-1800;31-12-2999;;;
000001;32;ASH Brugherio;01-01-1800;31-12-2999;TOMMAT-DIR;TomMattia-dirette;01-01-1800;31-12-2999;;;
000001;48;ADH Brugherio;01-01-1800;31-12-2999;TOMMAT-DIR;TomMattia-dirette;01-01-1800;31-12-2999;;;
000001;32;ASH Brugherio;01-01-1800;31-12-2999;TOMMAT-IND;TomMattia-indirette;01-01-1800;31-12-2999;;;
000001;48;ADH Brugherio;01-01-1800;31-12-2999;TOMMAT-IND;TomMattia-indirette;01-01-1800;31-12-2999;;;
000001;32;ASH Brugherio;01-01-1800;31-12-2999;TORGIS-DIR;TorGisella-dirette;01-01-1800;31-12-2999;;;
000001;48;ADH Brugherio;01-01-1800;31-12-2999;TORGIS-DIR;TorGisella-dirette;01-01-1800;31-12-2999;;;
000001;32;ASH Brugherio;01-01-1800;31-12-2999;TORGIS-IND;TorGisella-indirette;01-01-1800;31-12-2999;;;
000001;48;ADH Brugherio;01-01-1800;31-12-2999;TORGIS-IND;TorGisella-indirette;01-01-1800;31-12-2999;;;
000001;32;ASH Brugherio;01-01-1800;31-12-2999;TREJAS-DIR;TreJason-dirette;01-01-1800;31-12-2999;;;
000001;48;ADH Brugherio;01-01-1800;31-12-2999;TREJAS-DIR;TreJason-dirette;01-01-1800;31-12-2999;;;
000001;32;ASH Brugherio;01-01-1800;31-12-2999;TREJAS-IND;TreJason-indirette;01-01-1800;31-12-2999;;;
000001;48;ADH Brugherio;01-01-1800;31-12-2999;TREJAS-IND;TreJason-indirette;01-01-1800;31-12-2999;;;
000001;32;ASH Brugherio;01-01-1800;31-12-2999;TRIDAV-DIR;TriDavide-dirette;01-01-1800;31-12-2999;;;
000001;48;ADH Brugherio;01-01-1800;31-12-2999;TRIDAV-DIR;TriDavide-dirette;01-01-1800;31-12-2999;;;
000001;32;ASH Brugherio;01-01-1800;31-12-2999;TRIDAV-IND;TriDavide-indirette;01-01-1800;31-12-2999;;;
000001;48;ADH Brugherio;01-01-1800;31-12-2999;TRIDAV-IND;TriDavide-indirette;01-01-1800;31-12-2999;;;
000001;32;ASH Brugherio;01-01-1800;31-12-2999;TROCEC-DIR;TroCecilia-dirette;01-01-1800;31-12-2999;;;
000001;48;ADH Brugherio;01-01-1800;31-12-2999;TROCEC-DIR;TroCecilia-dirette;01-01-1800;31-12-2999;;;
000001;32;ASH Brugherio;01-01-1800;31-12-2999;TROCEC-IND;TroCecilia-indirette;01-01-1800;31-12-2999;;;
000001;48;ADH Brugherio;01-01-1800;31-12-2999;TROCEC-IND;TroCecilia-indirette;01-01-1800;31-12-2999;;;
000001;32;ASH Brugherio;01-01-1800;31-12-2999;TROEMA-DIR;TroEmanuele-dirette;01-01-1800;31-12-2999;;;
000001;48;ADH Brugherio;01-01-1800;31-12-2999;TROEMA-DIR;TroEmanuele-dirette;01-01-1800;31-12-2999;;;
000001;32;ASH Brugherio;01-01-1800;31-12-2999;TROEMA-IND;TroEmanuele-indirette;01-01-1800;31-12-2999;;;
000001;48;ADH Brugherio;01-01-1800;31-12-2999;TROEMA-IND;TroEmanuele-indirette;01-01-1800;31-12-2999;;;
000001;32;ASH Brugherio;01-01-1800;31-12-2999;TROIRE-DIR;TroIrene-dirette;01-01-1800;31-12-2999;;;
000001;48;ADH Brugherio;01-01-1800;31-12-2999;TROIRE-DIR;TroIrene-dirette;01-01-1800;31-12-2999;;;
000001;32;ASH Brugherio;01-01-1800;31-12-2999;TROIRE-IND;TroIrene-indirette;01-01-1800;31-12-2999;;;
000001;48;ADH Brugherio;01-01-1800;31-12-2999;TROIRE-IND;TroIrene-indirette;01-01-1800;31-12-2999;;;
000001;32;ASH Brugherio;01-01-1800;31-12-2999;TUCVIT-DIR;TucVittorio-dirette;01-01-1800;31-12-2999;;;
000001;48;ADH Brugherio;01-01-1800;31-12-2999;TUCVIT-DIR;TucVittorio-dirette;01-01-1800;31-12-2999;;;
000001;32;ASH Brugherio;01-01-1800;31-12-2999;TUCVIT-IND;TucVittorio-indirette;01-01-1800;31-12-2999;;;
000001;48;ADH Brugherio;01-01-1800;31-12-2999;TUCVIT-IND;TucVittorio-indirette;01-01-1800;31-12-2999;;;
000001;32;ASH Brugherio;01-01-1800;31-12-2999;TUTFRE-DIR;TutFredrik-dirette;01-01-1800;31-12-2999;;;
000001;48;ADH Brugherio;01-01-1800;31-12-2999;TUTFRE-DIR;TutFredrik-dirette;01-01-1800;31-12-2999;;;
000001;32;ASH Brugherio;01-01-1800;31-12-2999;TUTFRE-IND;TutFredrik-indirette;01-01-1800;31-12-2999;;;
000001;48;ADH Brugherio;01-01-1800;31-12-2999;TUTFRE-IND;TutFredrik-indirette;01-01-1800;31-12-2999;;;
000001;58;Monza;01-01-1800;31-12-2999;VILSAR-DIR;VilSara-dirette;01-01-1800;31-12-2999;;;
000001;58;Monza;01-01-1800;31-12-2999;VILSAR-IND;VilSara-indirette;01-01-1800;31-12-2999;;;
000001;58;Monza;01-01-1800;31-12-2999;VOLCAM-DIR;VolCamilla-dirette;01-01-1800;31-12-2999;;;
000001;58;Monza;01-01-1800;31-12-2999;VOLCAM-IND;VolCamilla-indirette;01-01-1800;31-12-2999;;;
000001;32;ASH Brugherio;01-01-1800;31-12-2999;VONGIU-DIR;VonGiuseppe-dirette;01-01-1800;31-12-2999;;;
000001;48;ADH Brugherio;01-01-1800;31-12-2999;VONGIU-DIR;VonGiuseppe-dirette;01-01-1800;31-12-2999;;;
000001;32;ASH Brugherio;01-01-1800;31-12-2999;VONGIU-IND;VonGiuseppe-indirette;01-01-1800;31-12-2999;;;
000001;48;ADH Brugherio;01-01-1800;31-12-2999;VONGIU-IND;VonGiuseppe-indirette;01-01-1800;31-12-2999;;;
000001;32;ASH Brugherio;01-01-1800;31-12-2999;WAHGIU-DIR;WahGiulia-dirette;01-01-1800;31-12-2999;;;
000001;48;ADH Brugherio;01-01-1800;31-12-2999;WAHGIU-DIR;WahGiulia-dirette;01-01-1800;31-12-2999;;;
000001;32;ASH Brugherio;01-01-1800;31-12-2999;WAHGIU-IND;WahGiulia-indirette;01-01-1800;31-12-2999;;;
000001;48;ADH Brugherio;01-01-1800;31-12-2999;WAHGIU-IND;WahGiulia-indirette;01-01-1800;31-12-2999;;;
000001;32;ASH Brugherio;01-01-1800;31-12-2999;XHEDAV-DIR;XheDavis-dirette;01-01-1800;31-12-2999;;;
000001;48;ADH Brugherio;01-01-1800;31-12-2999;XHEDAV-DIR;XheDavis-dirette;01-01-1800;31-12-2999;;;
000001;32;ASH Brugherio;01-01-1800;31-12-2999;XHEDAV-IND;XheDavis-indirette;01-01-1800;31-12-2999;;;
000001;48;ADH Brugherio;01-01-1800;31-12-2999;XHEDAV-IND;XheDavis-indirette;01-01-1800;31-12-2999;;;
000001;32;ASH Brugherio;01-01-1800;31-12-2999;XIASHU-DIR;XiaShulan;01-01-1800;31-12-2999;;;
000001;48;ADH Brugherio;01-01-1800;31-12-2999;XIASHU-DIR;XiaShulan;01-01-1800;31-12-2999;;;
000001;32;ASH Brugherio;01-01-1800;31-12-2999;XIASHU-IND;XiaShulan;01-01-1800;31-12-2999;;;
000001;48;ADH Brugherio;01-01-1800;31-12-2999;XIASHU-IND;XiaShulan;01-01-1800;31-12-2999;;;
000001;32;ASH Brugherio;01-01-1800;31-12-2999;ZAMSAM-DIR;ZamSamuela-dirette;01-01-1800;31-12-2999;;;
000001;48;ADH Brugherio;01-01-1800;31-12-2999;ZAMSAM-DIR;ZamSamuela-dirette;01-01-1800;31-12-2999;;;
000001;32;ASH Brugherio;01-01-1800;31-12-2999;ZAMSAM-IND;ZamSamuela-indirette;01-01-1800;31-12-2999;;;
000001;48;ADH Brugherio;01-01-1800;31-12-2999;ZAMSAM-IND;ZamSamuela-indirette;01-01-1800;31-12-2999;;;
000001;32;ASH Brugherio;01-01-1800;31-12-2999;ZANTOM-DIR;ZanTommaso;01-01-1800;31-12-2999;;;
000001;48;ADH Brugherio;01-01-1800;31-12-2999;ZANTOM-DIR;ZanTommaso;01-01-1800;31-12-2999;;;
000001;32;ASH Brugherio;01-01-1800;31-12-2999;ZANTOM-IND;ZanTommaso-indirette;01-01-1800;31-12-2999;;;
000001;48;ADH Brugherio;01-01-1800;31-12-2999;ZANTOM-IND;ZanTommaso-indirette;01-01-1800;31-12-2999;;;
000001;58;Monza;01-01-1800;31-12-2999;ZAPANG-DIR;ZapAngelo-dirette;01-01-1800;31-12-2999;;;
000001;58;Monza;01-01-1800;31-12-2999;ZAPANG-IND;ZapAngelo-indirette;01-01-1800;31-12-2999;;;
000001;32;ASH Brugherio;01-01-1800;31-12-2999;ZIFSAR-DIR;ZifSara-dirette;01-01-1800;31-12-2999;;;
000001;48;ADH Brugherio;01-01-1800;31-12-2999;ZIFSAR-DIR;ZifSara-dirette;01-01-1800;31-12-2999;;;
000001;32;ASH Brugherio;01-01-1800;31-12-2999;ZIFSAR-IND;ZifSara-indirette;01-01-1800;31-12-2999;;;
000001;48;ADH Brugherio;01-01-1800;31-12-2999;ZIFSAR-IND;ZifSara-indirette;01-01-1800;31-12-2999;;;
000001;58;Monza;01-01-1800;31-12-2999;ZORVER-DIR;ZorVeronica-dirette;01-01-1800;31-12-2999;;;
000001;58;Monza;01-01-1800;31-12-2999;ZORVER-IND;ZorVeronica-indirette;01-01-1800;31-12-2999;;;
000001;48;ADH Brugherio;01-01-1800;31-12-2999;;;;;;;
000001;41;Voucher;01-01-1800;31-12-2999;;;;;;;
000000;000101;ATELIER;01-01-1800;31-12-2013;;;;;;;
000000;000102;UFFICIO;01-01-1800;31-12-2999;;;;;Non visibile;01-10-2017;31-12-2999
000000;000103;SOLCIA;01-01-1901;31-12-2999;;;;;Non visibile;01-10-2017;31-12-2999
000000;000104;A.D.A. BRUGHERIO;01-01-1901;31-12-2999;;;;;Non visibile;01-10-2017;31-12-2999
000000;000105;BOCCA;01-01-1901;31-12-2999;;;;;;;
000000;000106;CRIPPA;01-01-1901;31-12-2999;;;;;Non visibile;01-10-2017;31-12-2999
000001;84;Nido Girasole;01-01-1800;31-12-2999;;;;;;;
000001;85;Nido Giussani;01-01-1800;31-12-2999;;;;;;;
000001;86;Nido Bresso;01-01-1800;31-12-2999;;;;;;;
000001;87;Albiate;01-01-1800;31-12-2999;;;;;;;
000001;9;GHIDORZI VECCHIO;01-01-1800;31-12-2999;;;;;Non visibile;01-01-1800;31-12-2999
000001;NC;NON CODIFICATO;01-01-1800;31-12-2999;;;;;;;
000001;78;Vai in Rete;01-01-1800;31-12-2999;;;;;;;
000001;79;Budget di Salute;01-01-1800;31-12-2999;;;;;;;
000001;80;Maternita';01-01-1800;31-12-2999;;;;;;;
000001;81;SCUOLA INCLUSIVA BESANA BRIANZA;01-02-2019;31-12-2999;;;;;;;
000001;82;CERTE NOTTI;01-02-2019;31-12-2999;;;;;;;
000001;83;FIORI DI CAMPO;01-02-2019;31-12-2999;;;;;;;
000001;72;Domiciliari;01-01-1800;31-12-2999;;;;;;;
000001;73;Casa Nostra;01-01-1800;31-12-2999;;;;;;;
000001;74;Trasporti;01-01-1800;31-12-2999;;;;;;;
000001;75;Depandance;01-01-1800;31-12-2999;;;;;;;
000001;76;Sesto San Giovanni;01-01-1800;31-12-2999;;;;;;;
000001;77;TIKITAKA;01-05-2017;31-12-2999;;;;;;;
000001;67;Cimas terapie;01-01-1800;31-12-2999;;;;;;;
000001;68;Cimas Scuola;01-01-1800;31-12-2999;;;;;;;
000001;69;Jolly 2;01-01-1800;31-12-2999;;;;;;;
000001;7;MACENNI VECCHIO;01-01-1800;31-12-2999;;;;;Non visibile;01-01-1800;31-12-2999
000001;70;Nido Raggio di Sole;01-01-1800;31-12-2999;;;;;;;
000001;71;Nido La Trottola;01-01-1800;31-12-2999;;;;;;;
000001;60;Mosaico;01-01-1800;31-12-2999;;;;;;;
000001;61;Polo territoriale Carate;01-01-1800;31-12-2999;;;;;;;
000001;62;DECRETO 7211/11 (DGR) Insieme per il sociale;01-04-2014;31-12-2999;;;;;;;
000001;63;DECRETO 7211/11 (DGR) offerta sociale;01-04-2014;31-12-2999;;;;;;;
000001;64;Risorse Umane;01-01-1800;31-12-2999;;;;;Non visibile;01-01-1800;31-12-2999
000001;66;Mezzago;01-01-1800;31-12-2999;;;;;;;
000001;51;Aggancio Precoce;01-01-1800;31-12-2999;;;;;;;
000001;53;Villa Luisa;01-01-1800;31-12-2999;;;;;;;
000001;55;Congressi;01-01-1800;31-12-2999;;;;;;;
000001;57;Albiate;01-01-1800;31-12-2999;;;;;;;
000001;59;Villasanta;01-01-1800;31-12-2999;;;;;;;
000001;6;GHEZZI VECCHIO;01-01-1800;31-12-2999;;;;;Non visibile;01-01-1800;31-12-2999
000001;44;Cornate;01-01-1800;31-12-2999;;;;;;;
000001;45;Atelier;01-01-1800;31-12-2999;;;;;;;
000001;46;B.ZA S/BARRIERE;01-01-1800;31-12-2999;;;;;;;
000001;47;SFA Verano;01-01-1800;31-12-2999;;;;;;;
000001;5;GIGLI VECCHIO;01-01-1800;31-12-2999;;;;;Non visibile;01-01-1800;31-12-2999
000001;50;Comunita';01-01-1800;31-12-2999;;;;;;;
000001;36;Trezzo;01-01-1800;31-12-2999;;;;;;;
000001;37;Cse Vimercate;01-01-1800;31-12-2999;;;;;;;
000001;38;CDD Vimercate;01-01-1800;31-12-2999;;;;;;;
000001;39;Cdd Cologno;01-01-1800;31-12-2999;;;;;;;
000001;40;Macherio;01-01-1800;31-12-2999;;;;;;;
000001;43;CPF Macherio;01-01-1800;31-12-2999;;;;;;;
000001;29;Villa Raverio;01-01-1800;31-12-2999;;;;;;;
000001;30;Verano;01-01-1800;31-12-2999;;;;;;;
000001;31;CDD Brugherio;01-01-1800;31-12-2999;;;;;;;
000001;33;Cusano;01-01-1800;31-12-2999;;;;;;;
000001;34;Lissone;01-01-1800;31-12-2999;;;;;;;
000001;35;Usmate;01-01-1800;31-12-2999;;;;;;;
000001;18;CPF VECCHIO;01-01-1800;31-12-2999;;;;;Non visibile;01-01-1800;31-12-2999
000001;19;Riepilogo Individuale;01-01-1800;31-12-2999;;;;;Non visibile;01-01-1800;31-12-2999
000001;2;.;01-01-1800;31-12-2999;;;;;;;
000001;20;Amministrazione;01-01-1800;31-12-2999;;;;;;;
000001;21;Ufficio;01-01-1800;31-12-2999;;;;;;;
000001;28;Cinisello;01-01-1800;31-12-2999;;;;;;;
000001;109;PESSINA VECCHIO;01-01-1800;31-12-2999;;;;;Non visibile;01-01-1800;31-12-2999
000001;11;CDD BRUGHERIO VECCHIO;01-01-1800;31-12-2999;;;;;Non visibile;01-01-1800;31-12-2999
000001;12;ASH BRUGHERIO VECCHIO;01-01-1800;31-12-2999;;;;;Non visibile;01-01-1800;31-12-2999
000001;13;SFA VERANO VECCHIO;01-01-1800;31-12-2999;;;;;Non visibile;01-01-1800;31-12-2999
000001;14;GAMBINO VECCHIO;01-01-1800;31-12-2999;;;;;Non visibile;01-01-1800;31-12-2999
000001;17;DIR AZ. VECCHIO;01-01-1800;31-12-2999;;;;;Non visibile;01-01-1800;31-12-2999
000001;00106;CRIPPA VECCHIO;01-01-1800;31-12-2999;;;;;Non visibile;01-01-1800;31-12-2999
000001;020;VAGHI VECCHIO;01-01-1800;31-12-2999;;;;;Non visibile;01-01-1800;31-12-2999
000001;1;Jolly;01-01-1800;31-12-2999;;;;;;;
000001;10;CDD VERANO VECCHIO;01-01-1800;31-12-2999;;;;;Non visibile;01-01-1800;31-12-2999
000001;107;BAGNOLI VECCHIO;01-01-1800;31-12-2999;;;;;Non visibile;01-01-1800;31-12-2999
000001;108;CATTANEO VECCHIO;01-01-1800;31-12-2999;;;;;Non visibile;01-01-1800;31-12-2999
000001;000101;ATELIER VECCHIO;01-01-1800;31-12-2999;;;;;Non visibile;01-01-1800;31-12-2999
000001;000102;UFFICIO VECCHIO;01-01-1800;31-12-2999;;;;;Non visibile;01-01-1800;31-12-2999
000001;000301;CSE RAVERIO VECCHIO;01-01-1800;31-12-2999;;;;;Non visibile;01-01-1800;31-12-2999
000001;000402;COMUNITA' VECCHIO;01-01-1800;31-12-2999;;;;;Non visibile;01-01-1800;31-12-2999
000001;000602;ZOTTI VECCHIO;01-01-1800;31-12-2999;;;;;Non visibile;01-01-1800;31-12-2999
000001;000702;MANTEGAZZA VECCHIO;01-01-1800;31-12-2999;;;;;Non visibile;01-01-1800;31-12-2999
000000;6;GHEZZI;01-01-1800;31-12-2999;;;;;Non visibile;01-10-2017;31-12-2999
000000;60;MOSAICO;01-01-1800;31-12-2999;;;;;;;
000000;63;DECRETO 7211/11 (DGR) offerta sociale;01-04-2014;31-12-2999;;;;;;;
000000;7;MACENNI;01-01-1800;31-12-2999;;;;;Non visibile;01-10-2017;31-12-2999
000000;8;RIVA CRISTINA;01-01-1901;31-12-2999;;;;;Non visibile;01-10-2017;31-12-2999
000000;9;GHIDORZI;01-01-1800;31-12-2999;;;;;Non visibile;01-10-2017;31-12-2999
000000;50;Comunita';01-01-1800;31-12-2999;;;;;;;
000000;51;Aggancio Precoce;01-01-1800;31-12-2999;;;;;Non visibile;01-10-2017;31-12-2999
000000;53;Villa Luisa;01-01-1800;31-12-2999;;;;;Non visibile;01-10-2017;31-12-2999
000000;57;Albiate;01-01-1800;31-12-2999;;;;;;;
000000;58;Monza;01-01-1800;31-12-2999;;;;;;;
000000;59;Villasanta;01-01-1800;31-12-2999;;;;;;;
000000;44;Cornate;01-01-1800;31-12-2999;;;;;;;
000000;45;Atelier;01-01-1800;31-12-2999;;;;;;;
000000;46;B.ZA S/BARRIERE;01-01-1800;31-12-2999;;;;;;;
000000;47;SFA Verano;01-01-1800;31-12-2999;;;;;;;
000000;48;ADH Brugherio;01-01-1800;31-12-2999;;;;;;;
000000;5;GIGLI;01-01-1800;31-12-2999;;;;;Non visibile;01-10-2017;31-12-2999
000000;38;CDD Vimercate;01-01-1800;31-12-2999;;;;;;;
000000;4;MELOGRANA;01-01-1901;31-12-2999;;;;;;;
000000;40;Macherio;01-01-1800;31-12-2999;;;;;;;
000000;41;Voucher;01-01-1800;31-12-2999;;;;;;;
000000;42;GEST:DIV;01-01-1800;31-12-2999;;;;;;;
000000;43;CPF Macherio;01-01-1800;31-12-2999;;;;;;;
000000;32;ASH Brugherio;01-01-1800;31-12-2999;;;;;;;
000000;33;Cusano;01-01-1800;31-12-2999;;;;;;;
000000;34;Lissone;01-01-1800;31-12-2999;;;;;;;
000000;35;Usmate;01-01-1800;31-12-2999;;;;;;;
000000;36;Trezzo;01-01-1800;31-12-2999;;;;;;;
000000;37;Vimercate piccoli;01-01-1800;31-12-2999;;;;;;;
000000;27;Villasanta;01-01-1901;31-12-2999;;;;;Non visibile;01-10-2017;31-12-2999
000000;28;Cinisello;01-01-1800;31-12-2999;;;;;;;
000000;29;Villa Raverio;01-01-1800;31-12-2999;;;;;;;
000000;3;FURLOTTI;01-01-1901;31-12-2999;;;;;Non visibile;01-10-2017;31-12-2999
000000;30;Verano;01-01-1800;31-12-2999;;;;;;;
000000;31;CDD Brugherio;01-01-1800;31-12-2999;;;;;;;
000000;21;Ufficio;01-01-1800;31-12-2999;;;;;;;
000000;22;CORBERI;01-01-1901;31-12-2999;;;;;Non visibile;01-10-2017;31-12-2999
000000;23;Cusano Milanino;01-01-1901;31-12-2999;;;;;Non visibile;01-10-2017;31-12-2999
000000;24;Usmate;01-01-1901;31-12-2999;;;;;Non visibile;01-10-2017;31-12-2999
000000;25;Besana;01-01-1901;31-12-2999;;;;;Non visibile;01-10-2017;31-12-2999
000000;26;Monza;01-01-1901;31-12-2999;;;;;Non visibile;01-10-2017;31-12-2999
000000;16;BALDASSARRI;01-01-1901;31-12-2999;;;;;Non visibile;01-10-2017;31-12-2999
000000;17;DIR AZ.;01-01-1800;31-12-2999;;;;;Non visibile;01-10-2017;31-12-2999
000000;18;CPF;01-01-1800;31-12-2999;;;;;Non visibile;01-10-2017;31-12-2999
000000;19;ROSSIN;01-01-1901;31-12-2999;;;;;Non visibile;01-10-2017;31-12-2999
000000;2;FORTUNIO;01-01-1901;31-12-2999;;;;;Non visibile;01-10-2017;31-12-2999
000000;20;Amministrazione;01-01-1800;31-12-2999;;;;;Non visibile;01-10-2017;31-12-2999
000000;110;CARLINO;01-01-1901;31-12-2999;;;;;Non visibile;01-10-2017;31-12-2999
000000;111;MARIANI PAOLA;01-01-1901;31-12-2999;;;;;Non visibile;01-10-2017;31-12-2999
000000;12;ASH BRUGHERIO;01-01-1800;31-12-2999;;;;;;;
000000;13;SFA VERANO;01-01-1800;31-12-2999;;;;;;;
000000;14;GAMBINO;01-01-1800;31-12-2999;;;;;Non visibile;01-10-2017;31-12-2999
000000;15;POZZI;01-01-1901;31-12-2999;;;;;Non visibile;01-10-2017;31-12-2999
000000;1;Jolly;01-01-1800;31-12-2999;;;;;;;
000000;10;CDD VERANO;01-01-1800;31-12-2999;;;;;Non visibile;01-10-2017;31-12-2999
000000;107;BAGNOLI;01-01-1800;31-12-2999;;;;;Non visibile;01-10-2017;31-12-2999
000000;108;CATTANEO;01-01-1800;31-12-2999;;;;;Non visibile;01-01-1800;31-12-2999
000000;109;PESSINA;01-01-1800;31-12-2999;;;;;Non visibile;01-10-2017;31-12-2999
000000;11;CDD BRUGHERIO;01-01-1800;31-12-2999;;;;;Non visibile;01-10-2017;31-12-2999
000000;000702;MANTEGAZZA;01-01-1800;31-12-2999;;;;;Non visibile;01-01-1800;31-12-2999
000000;000801;CARRELLA;01-01-1901;31-12-2999;;;;;Non visibile;01-10-2017;31-12-2999
000000;000901;COLOGNO MONZESE;01-01-1901;31-12-2999;;;;;Non visibile;01-10-2017;31-12-2999
000000;001001;TRIUGGIO;01-01-1901;31-12-2999;;;;;Non visibile;01-10-2017;31-12-2999
000000;00106;CRIPPA;01-01-1800;31-12-2999;;;;;Non visibile;01-10-2017;31-12-2999
000000;020;VAGHI;01-01-1800;31-12-2999;;;;;Non visibile;01-10-2017;31-12-2999
000000;000402;COMUNITA';01-01-1800;31-12-2999;;;;;;;
000000;000501;ZOTTI;01-01-1901;31-12-2999;;;;;;;
000000;000502;BOCCA;01-01-1901;31-12-2999;;;;;Non visibile;01-01-1800;31-12-2999
000000;000601;CONV. COMUNE ARESE;01-01-1901;31-12-2999;;;;;Non visibile;01-10-2017;31-12-2999
000000;000602;ZOTTI;01-01-1800;31-12-2999;;;;;Non visibile;01-10-2017;31-12-2999
000000;000701;CRIPPA ELENA;01-01-1901;31-12-2999;;;;;Non visibile;01-10-2017;31-12-2999
000000;000107;BAGNOLI;01-01-1901;31-12-2999;;;;;Non visibile;01-10-2017;31-12-2999
000000;000201;CSE BRUGHERIO;01-01-1901;31-12-2999;;;;;Non visibile;01-10-2017;31-12-2999
000000;000202;STAFF;01-01-1901;31-12-2999;;;;;Non visibile;01-10-2017;31-12-2999
000000;000301;CSE RAVERIO;01-01-1800;31-12-2999;;;;;Non visibile;01-10-2017;31-12-2999
000000;000302;CENTRO DIURNO;01-01-1901;31-12-2999;;;;;Non visibile;01-10-2017;31-12-2999
000000;000401;TREGASIO;01-01-1901;31-12-2999;;;;;Non visibile;01-01-1800;31-12-2999
